instance_id,repo,diff_n_total_human,diff_n_convention_human,diff_n_refactor_human,diff_n_warning_human,diff_n_error_human,diff_n_fatal_human,diff_n_unique_symbols_human,diff_n_total_llm,diff_n_convention_llm,diff_n_refactor_llm,diff_n_warning_llm,diff_n_error_llm,diff_n_fatal_llm,diff_n_unique_symbols_llm
instance_ansible__ansible-164881d871964aa64e0f911d03ae270acbad253c-v390e508d27db7a51eece36bb6d9698b63a5b638a,ansible,2.0,2.0,0.0,0.0,0.0,0.0,2.0,-4.0,-4.0,0.0,0.0,0.0,0.0,2.0
instance_ansible__ansible-379058e10f3dbc0fdcaf80394bd09b18927e7d33-v1055803c3a812189a1133297f7f5468579283f86,ansible,17.0,1.0,0.0,-2.0,18.0,0.0,14.0,18.0,1.0,0.0,-1.0,18.0,0.0,16.0
instance_ansible__ansible-ea04e0048dbb3b63f876aad7020e1de8eee9f362-v1055803c3a812189a1133297f7f5468579283f86,ansible,7.0,6.0,0.0,1.0,0.0,0.0,1.0,-1.0,1.0,0.0,0.0,-2.0,0.0,-1.0
instance_qutebrowser__qutebrowser-e64622cd2df5b521342cf4a62e0d4cb8f8c9ae5a-v363c8a7e5ccdf6968fc7ab84a2053ac78036691d,qutebrowser,0.0,0.0,0.0,0.0,0.0,0.0,0.0,1.0,1.0,0.0,0.0,0.0,0.0,1.0
instance_ansible__ansible-748f534312f2073a25a87871f5bd05882891b8c4-v0f01c69f1e2528b935359cfe578530722bca2c59,ansible,5.0,6.0,-1.0,0.0,0.0,0.0,1.0,4.0,0.0,3.0,1.0,0.0,0.0,2.0
instance_qutebrowser__qutebrowser-0d2afd58f3d0e34af21cee7d8a3fc9d855594e9f-vnan,qutebrowser,0.0,0.0,0.0,0.0,0.0,0.0,0.0,2.0,0.0,0.0,2.0,0.0,0.0,1.0
instance_qutebrowser__qutebrowser-bedc9f7fadf93f83d8dee95feeecb9922b6f063f-v2ef375ac784985212b1805e1d0431dc8f1b3c171,qutebrowser,0.0,0.0,0.0,0.0,0.0,0.0,0.0,2.0,0.0,0.0,2.0,0.0,0.0,1.0
instance_ansible__ansible-9759e0ca494de1fd5fc2df2c5d11c57adbe6007c-v1055803c3a812189a1133297f7f5468579283f86,ansible,-1.0,3.0,0.0,-3.0,-1.0,0.0,-1.0,5.0,2.0,0.0,2.0,1.0,0.0,2.0
instance_ansible__ansible-ed6581e4db2f1bec5a772213c3e186081adc162d-v0f01c69f1e2528b935359cfe578530722bca2c59,ansible,-1.0,0.0,-1.0,0.0,0.0,0.0,0.0,3.0,4.0,-1.0,0.0,0.0,0.0,0.0
instance_ansible__ansible-e9e6001263f51103e96e58ad382660df0f3d0e39-v30a923fb5c164d6cd18280c02422f75e611e8fb2,ansible,-9.0,-6.0,-1.0,-2.0,0.0,0.0,-1.0,-6.0,-4.0,-1.0,-1.0,0.0,0.0,-1.0
instance_internetarchive__openlibrary-de6ae10512f1b5ef585c8341b451bc49c9fd4996-vfa6ff903cb27f336e17654595dd900fa943dcd91,openlibrary,-8.0,-4.0,0.0,-3.0,-1.0,0.0,-2.0,8.0,8.0,0.0,0.0,0.0,0.0,1.0
instance_internetarchive__openlibrary-431442c92887a3aece3f8aa771dd029738a80eb1-v76304ecdb3a5954fcf13feb710e8c40fcf24b73c,openlibrary,0.0,0.0,0.0,0.0,0.0,0.0,0.0,0.0,0.0,0.0,0.0,0.0,0.0,0.0
instance_internetarchive__openlibrary-c12943be1db80cf1114bc267ddf4f9933aca9b28-v2c55207218fb8a0138425cbf7d9675272e240b90,openlibrary,3.0,3.0,1.0,0.0,0.0,-1.0,3.0,1.0,0.0,1.0,1.0,0.0,-1.0,1.0
instance_qutebrowser__qutebrowser-ed19d7f58b2664bb310c7cb6b52c5b9a06ea60b2-v059c6fdc75567943479b23ebca7c07b5e9a7f34c,qutebrowser,1.0,0.0,0.0,0.0,1.0,0.0,0.0,1.0,0.0,0.0,0.0,1.0,0.0,0.0
instance_ansible__ansible-a02e22e902a69aeb465f16bf03f7f5a91b2cb828-vba6da65a0f3baefda7a058ebbd0a8dcafb8512f5,ansible,6.0,5.0,1.0,0.0,0.0,0.0,2.0,4.0,4.0,0.0,0.0,0.0,0.0,1.0
instance_qutebrowser__qutebrowser-e57b6e0eeeb656eb2c84d6547d5a0a7333ecee85-v2ef375ac784985212b1805e1d0431dc8f1b3c171,qutebrowser,1.0,0.0,0.0,1.0,0.0,0.0,0.0,0.0,0.0,0.0,0.0,0.0,0.0,0.0
instance_ansible__ansible-f8ef34672b961a95ec7282643679492862c688ec-vba6da65a0f3baefda7a058ebbd0a8dcafb8512f5,ansible,-2.0,-1.0,0.0,-1.0,0.0,0.0,2.0,1.0,1.0,0.0,0.0,0.0,0.0,1.0
instance_internetarchive__openlibrary-3f580a5f244c299d936d73d9e327ba873b6401d9-v0f5aece3601a5b4419f7ccec1dbda2071be28ee4,openlibrary,0.0,0.0,0.0,0.0,0.0,0.0,0.0,0.0,0.0,0.0,0.0,0.0,0.0,0.0
instance_ansible__ansible-185d41031660a676c43fbb781cd1335902024bfe-vba6da65a0f3baefda7a058ebbd0a8dcafb8512f5,ansible,-32.0,-11.0,-1.0,-18.0,-2.0,0.0,-1.0,-24.0,-9.0,0.0,-13.0,-2.0,0.0,1.0
instance_internetarchive__openlibrary-72321288ea790a3ace9e36f1c05b68c93f7eec43-v0f5aece3601a5b4419f7ccec1dbda2071be28ee4,openlibrary,4.0,4.0,0.0,0.0,0.0,0.0,1.0,0.0,0.0,0.0,0.0,0.0,0.0,0.0
instance_qutebrowser__qutebrowser-1af602b258b97aaba69d2585ed499d95e2303ac2-v2ef375ac784985212b1805e1d0431dc8f1b3c171,qutebrowser,0.0,0.0,0.0,0.0,0.0,0.0,0.0,0.0,0.0,0.0,0.0,0.0,0.0,0.0
instance_internetarchive__openlibrary-757fcf46c70530739c150c57b37d6375f155dc97-ve8c8d62a2b60610a3c4631f5f23ed866bada9818,openlibrary,0.0,0.0,0.0,0.0,0.0,0.0,0.0,0.0,0.0,0.0,0.0,0.0,0.0,0.0
instance_qutebrowser__qutebrowser-fd6790fe8c02b144ab2464f1fc8ab3d02ce3c476-v2ef375ac784985212b1805e1d0431dc8f1b3c171,qutebrowser,0.0,0.0,0.0,0.0,0.0,0.0,0.0,2.0,0.0,0.0,1.0,1.0,0.0,2.0
instance_internetarchive__openlibrary-92db3454aeaa02f89b4cdbc3103f7e95c9759f92-v2c55207218fb8a0138425cbf7d9675272e240b90,openlibrary,0.0,3.0,2.0,-5.0,0.0,0.0,3.0,0.0,0.0,0.0,0.0,0.0,0.0,0.0
instance_ansible__ansible-e0c91af45fa9af575d10fd3e724ebc59d2b2d6ac-v30a923fb5c164d6cd18280c02422f75e611e8fb2,ansible,0.0,0.0,0.0,0.0,0.0,0.0,0.0,0.0,0.0,0.0,0.0,0.0,0.0,0.0
instance_internetarchive__openlibrary-d8162c226a9d576f094dc1830c4c1ffd0be2dd17-v76304ecdb3a5954fcf13feb710e8c40fcf24b73c,openlibrary,2.0,1.0,1.0,0.0,0.0,0.0,0.0,0.0,0.0,0.0,0.0,0.0,0.0,0.0
instance_internetarchive__openlibrary-3f7db6bbbcc7c418b3db72d157c6aed1d45b2ccf-v430f20c722405e462d9ef44dee7d34c41e76fe7a,openlibrary,23.0,14.0,1.0,9.0,0.0,-1.0,11.0,33.0,21.0,2.0,8.0,3.0,-1.0,11.0
instance_internetarchive__openlibrary-ba3abfb6af6e722185d3715929ab0f3e5a134eed-v76304ecdb3a5954fcf13feb710e8c40fcf24b73c,openlibrary,3.0,0.0,1.0,0.0,2.0,0.0,1.0,1.0,1.0,0.0,0.0,0.0,0.0,1.0
instance_ansible__ansible-12734fa21c08a0ce8c84e533abdc560db2eb1955-v7eee2454f617569fd6889f2211f75bc02a35f9f8,ansible,9.0,6.0,0.0,3.0,0.0,0.0,1.0,8.0,4.0,1.0,3.0,0.0,0.0,2.0
instance_internetarchive__openlibrary-7bf3238533070f2d24bafbb26eedf675d51941f6-v08d8e8889ec945ab821fb156c04c7d2e2810debb,openlibrary,7.0,6.0,1.0,0.0,0.0,0.0,0.0,3.0,3.0,0.0,0.0,0.0,0.0,0.0
instance_ansible__ansible-a26c325bd8f6e2822d9d7e62f77a424c1db4fbf6-v0f01c69f1e2528b935359cfe578530722bca2c59,ansible,6.0,4.0,2.0,0.0,0.0,0.0,0.0,4.0,2.0,0.0,1.0,1.0,0.0,1.0
instance_internetarchive__openlibrary-00bec1e7c8f3272c469a58e1377df03f955ed478-v13642507b4fc1f8d234172bf8129942da2c2ca26,openlibrary,1.0,1.0,0.0,0.0,0.0,0.0,1.0,3.0,2.0,0.0,1.0,0.0,0.0,2.0
instance_internetarchive__openlibrary-c4eebe6677acc4629cb541a98d5e91311444f5d4-v13642507b4fc1f8d234172bf8129942da2c2ca26,openlibrary,14.0,3.0,5.0,5.0,1.0,0.0,5.0,1.0,1.0,0.0,0.0,0.0,0.0,0.0
instance_internetarchive__openlibrary-4a5d2a7d24c9e4c11d3069220c0685b736d5ecde-v13642507b4fc1f8d234172bf8129942da2c2ca26,openlibrary,0.0,0.0,0.0,0.0,0.0,0.0,0.0,2.0,1.0,1.0,0.0,0.0,0.0,1.0
instance_ansible__ansible-be2c376ab87e3e872ca21697508f12c6909cf85a-vba6da65a0f3baefda7a058ebbd0a8dcafb8512f5,ansible,2.0,0.0,2.0,0.0,0.0,0.0,0.0,3.0,1.0,2.0,0.0,0.0,0.0,0.0
instance_internetarchive__openlibrary-e010b2a13697de70170033902ba2e27a1e1acbe9-v0f5aece3601a5b4419f7ccec1dbda2071be28ee4,openlibrary,1.0,1.0,0.0,0.0,0.0,0.0,0.0,0.0,0.0,0.0,0.0,0.0,0.0,0.0
instance_internetarchive__openlibrary-6afdb09df692223c3a31df65cfa92f15e5614c01-v08d8e8889ec945ab821fb156c04c7d2e2810debb,openlibrary,4.0,2.0,1.0,1.0,0.0,0.0,2.0,0.0,-1.0,1.0,0.0,0.0,0.0,0.0
instance_internetarchive__openlibrary-1351c59fd43689753de1fca32c78d539a116ffc1-v29f82c9cf21d57b242f8d8b0e541525d259e2d63,openlibrary,-5.0,-3.0,0.0,-1.0,-1.0,0.0,-2.0,-1.0,-2.0,0.0,1.0,0.0,0.0,1.0
instance_qutebrowser__qutebrowser-996487c43e4fcc265b541f9eca1e7930e3c5cf05-v2ef375ac784985212b1805e1d0431dc8f1b3c171,qutebrowser,-1.0,-1.0,0.0,0.0,0.0,0.0,0.0,1.0,1.0,0.0,0.0,0.0,0.0,0.0
instance_internetarchive__openlibrary-a7b7dc5735a1b3a9824376b1b469b556dd413981-va4315b5dc369c1ef66ae22f9ae4267aa3114e1b3,openlibrary,1.0,1.0,0.0,0.0,0.0,0.0,0.0,0.0,0.0,0.0,0.0,0.0,0.0,0.0
instance_internetarchive__openlibrary-fdbc0d8f418333c7e575c40b661b582c301ef7ac-v13642507b4fc1f8d234172bf8129942da2c2ca26,openlibrary,-11.0,-2.0,-2.0,-7.0,0.0,0.0,-4.0,0.0,0.0,0.0,0.0,0.0,0.0,0.0
instance_ansible__ansible-77658704217d5f166404fc67997203c25381cb6e-v390e508d27db7a51eece36bb6d9698b63a5b638a,ansible,8.0,6.0,2.0,0.0,0.0,0.0,3.0,6.0,4.0,2.0,0.0,0.0,0.0,3.0
instance_ansible__ansible-de01db08d00c8d2438e1ba5989c313ba16a145b0-vba6da65a0f3baefda7a058ebbd0a8dcafb8512f5,ansible,7.0,4.0,0.0,3.0,0.0,0.0,2.0,-2.0,-3.0,-1.0,1.0,1.0,0.0,3.0
instance_qutebrowser__qutebrowser-54bcdc1eefa86cc20790973d6997b60c3bba884c-v2ef375ac784985212b1805e1d0431dc8f1b3c171,qutebrowser,0.0,0.0,0.0,0.0,0.0,0.0,0.0,19.0,8.0,2.0,13.0,1.0,-5.0,9.0
instance_ansible__ansible-3db08adbb1cc6aa9941be5e0fc810132c6e1fa4b-vba6da65a0f3baefda7a058ebbd0a8dcafb8512f5,ansible,3.0,1.0,2.0,0.0,0.0,0.0,0.0,4.0,2.0,2.0,0.0,0.0,0.0,0.0
instance_internetarchive__openlibrary-7cbfb812ef0e1f9716e2d6e85d538a96fcb79d13-vfa6ff903cb27f336e17654595dd900fa943dcd91,openlibrary,29.0,24.0,1.0,4.0,0.0,0.0,7.0,1.0,1.0,0.0,0.0,0.0,0.0,1.0
instance_qutebrowser__qutebrowser-e5340c449f23608803c286da0563b62f58ba25b0-v059c6fdc75567943479b23ebca7c07b5e9a7f34c,qutebrowser,8.0,6.0,0.0,0.0,2.0,0.0,4.0,3.0,0.0,1.0,1.0,1.0,0.0,3.0
instance_internetarchive__openlibrary-bdba0af0f6cbaca8b5fc3be2a3080f38156d9c92-ve8c8d62a2b60610a3c4631f5f23ed866bada9818,openlibrary,3.0,0.0,3.0,0.0,0.0,0.0,2.0,2.0,0.0,1.0,1.0,0.0,0.0,1.0
instance_internetarchive__openlibrary-b4f7c185ae5f1824ac7f3a18e8adf6a4b468459c-v08d8e8889ec945ab821fb156c04c7d2e2810debb,openlibrary,0.0,-1.0,1.0,0.0,0.0,0.0,0.0,0.0,0.0,0.0,0.0,0.0,0.0,0.0
instance_ansible__ansible-5f4e332e3762999d94af27746db29ff1729252c1-v0f01c69f1e2528b935359cfe578530722bca2c59,ansible,1.0,3.0,0.0,-2.0,0.0,0.0,0.0,1.0,1.0,0.0,0.0,0.0,0.0,0.0
instance_qutebrowser__qutebrowser-7b603dd6bf195e3e723ce08ff64a82b406e3f6b6-v9f8e9d96c85c85a605e382f1510bd08563afc566,qutebrowser,0.0,0.0,0.0,0.0,0.0,0.0,0.0,1.0,0.0,0.0,1.0,0.0,0.0,1.0
instance_ansible__ansible-5c225dc0f5bfa677addeac100a8018df3f3a9db1-v173091e2e36d38c978002990795f66cfc0af30ad,ansible,4.0,9.0,0.0,-5.0,0.0,0.0,0.0,2.0,2.0,0.0,0.0,0.0,0.0,1.0
instance_ansible__ansible-0fd88717c953b92ed8a50495d55e630eb5d59166-vba6da65a0f3baefda7a058ebbd0a8dcafb8512f5,ansible,10.0,5.0,1.0,4.0,0.0,0.0,1.0,7.0,6.0,1.0,0.0,0.0,0.0,3.0
instance_qutebrowser__qutebrowser-2dd8966fdcf11972062c540b7a787e4d0de8d372-v363c8a7e5ccdf6968fc7ab84a2053ac78036691d,qutebrowser,1.0,1.0,0.0,0.0,0.0,0.0,0.0,3.0,3.0,0.0,0.0,0.0,0.0,2.0
instance_internetarchive__openlibrary-c506c1b0b678892af5cb22c1c1dbc35d96787a0a-v0f5aece3601a5b4419f7ccec1dbda2071be28ee4,openlibrary,12.0,10.0,1.0,3.0,0.0,-2.0,7.0,0.0,-1.0,1.0,0.0,0.0,0.0,0.0
instance_qutebrowser__qutebrowser-50efac08f623644a85441bbe02ab9347d2b71a9d-v9f8e9d96c85c85a605e382f1510bd08563afc566,qutebrowser,0.0,0.0,0.0,0.0,0.0,0.0,0.0,1.0,0.0,0.0,1.0,0.0,0.0,1.0
instance_qutebrowser__qutebrowser-cc360cd4a34a126274c7b51f3b63afbaf3e05a02-v5fc38aaf22415ab0b70567368332beee7955b367,qutebrowser,0.0,0.0,0.0,0.0,0.0,0.0,0.0,1.0,1.0,0.0,0.0,0.0,0.0,0.0
instance_qutebrowser__qutebrowser-85b867fe8d4378c8e371f055c70452f546055854-v2ef375ac784985212b1805e1d0431dc8f1b3c171,qutebrowser,0.0,0.0,0.0,0.0,0.0,0.0,0.0,0.0,0.0,0.0,0.0,0.0,0.0,0.0
instance_ansible__ansible-0ea40e09d1b35bcb69ff4d9cecf3d0defa4b36e8-v30a923fb5c164d6cd18280c02422f75e611e8fb2,ansible,1.0,2.0,-1.0,0.0,0.0,0.0,-1.0,1.0,1.0,0.0,0.0,0.0,0.0,1.0
instance_qutebrowser__qutebrowser-5e0d6dc1483cb3336ea0e3dcbd4fe4aa00fc1742-v5149fcda2a9a6fe1d35dfed1bade1444a11ef271,qutebrowser,0.0,0.0,0.0,0.0,0.0,0.0,0.0,0.0,0.0,0.0,0.0,0.0,0.0,0.0
instance_qutebrowser__qutebrowser-c09e1439f145c66ee3af574386e277dd2388d094-v2ef375ac784985212b1805e1d0431dc8f1b3c171,qutebrowser,1.0,0.0,0.0,1.0,0.0,0.0,0.0,1.0,0.0,0.0,1.0,0.0,0.0,0.0
instance_qutebrowser__qutebrowser-96b997802e942937e81d2b8a32d08f00d3f4bc4e-v5fc38aaf22415ab0b70567368332beee7955b367,qutebrowser,0.0,0.0,0.0,0.0,0.0,0.0,0.0,2.0,2.0,0.0,0.0,0.0,0.0,2.0
instance_internetarchive__openlibrary-fad4a40acf5ff5f06cd7441a5c7baf41a7d81fe4-vfa6ff903cb27f336e17654595dd900fa943dcd91,openlibrary,-3.0,-2.0,-1.0,0.0,0.0,0.0,-1.0,-5.0,-5.0,-1.0,0.0,0.0,0.0,-1.0
instance_internetarchive__openlibrary-89e4b4431fe7506c365a6f6eb6f6d048d04c044c-v08d8e8889ec945ab821fb156c04c7d2e2810debb,openlibrary,0.0,-1.0,0.0,1.0,0.0,0.0,1.0,1.0,1.0,0.0,0.0,0.0,0.0,0.0
instance_internetarchive__openlibrary-60725705782832a2cb22e17c49697948a42a9d03-v298a7a812ceed28c4c18355a091f1b268fe56d86,openlibrary,1.0,1.0,0.0,0.0,0.0,0.0,0.0,1.0,1.0,0.0,0.0,0.0,0.0,0.0
instance_internetarchive__openlibrary-43f9e7e0d56a4f1d487533543c17040a029ac501-v0f5aece3601a5b4419f7ccec1dbda2071be28ee4,openlibrary,3.0,1.0,2.0,0.0,0.0,0.0,1.0,0.0,0.0,0.0,0.0,0.0,0.0,0.0
instance_ansible__ansible-415e08c2970757472314e515cb63a51ad825c45e-v7eee2454f617569fd6889f2211f75bc02a35f9f8,ansible,7.0,8.0,0.0,0.0,0.0,-1.0,3.0,8.0,7.0,0.0,2.0,0.0,-1.0,4.0
instance_qutebrowser__qutebrowser-99029144b5109bb1b2a53964a7c129e009980cd9-va0fd88aac89cde702ec1ba84877234da33adce8a,qutebrowser,0.0,0.0,0.0,0.0,0.0,0.0,0.0,3.0,0.0,0.0,2.0,1.0,0.0,2.0
instance_ansible__ansible-5640093f1ca63fd6af231cc8a7fb7d40e1907b8c-vba6da65a0f3baefda7a058ebbd0a8dcafb8512f5,ansible,-2.0,1.0,0.0,-3.0,0.0,0.0,-1.0,-4.0,0.0,-1.0,-3.0,0.0,0.0,-1.0
instance_internetarchive__openlibrary-e390c1212055dd84a262a798e53487e771d3fb64-v8717e18970bcdc4e0d2cea3b1527752b21e74866,openlibrary,-3.0,1.0,-2.0,-2.0,0.0,0.0,0.0,0.0,0.0,0.0,0.0,0.0,0.0,0.0
instance_internetarchive__openlibrary-0d13e6b4bf80bced6c0946b969b9a1b6963f6bce-v76304ecdb3a5954fcf13feb710e8c40fcf24b73c,openlibrary,1.0,0.0,0.0,1.0,0.0,0.0,1.0,1.0,1.0,0.0,0.0,0.0,0.0,0.0
instance_internetarchive__openlibrary-9c392b60e2c6fa1d68cb68084b4b4ff04d0cb35c-v2d9a6c849c60ed19fd0858ce9e40b7cc8e097e59,openlibrary,6.0,4.0,-1.0,0.0,0.0,0.0,-1.0,2.0,1.0,-1.0,0.0,0.0,0.0,-1.0
instance_ansible__ansible-a20a52701402a12f91396549df04ac55809f68e9-v1055803c3a812189a1133297f7f5468579283f86,ansible,3.0,3.0,0.0,0.0,0.0,0.0,0.0,4.0,3.0,0.0,1.0,0.0,0.0,0.0
instance_internetarchive__openlibrary-91efee627df01e32007abf2d6ebf73f9d9053076-vbee42ad1b72fb23c6a1c874868a720b370983ed2,openlibrary,4.0,1.0,3.0,0.0,0.0,0.0,3.0,4.0,3.0,1.0,0.0,0.0,0.0,2.0
instance_qutebrowser__qutebrowser-de4a1c1a2839b5b49c3d4ce21d39de48d24e2091-v2ef375ac784985212b1805e1d0431dc8f1b3c171,qutebrowser,-1.0,0.0,0.0,0.0,0.0,-1.0,0.0,8.0,3.0,0.0,4.0,2.0,-1.0,6.0
