instance_id,repo,diff_AvgCountLine_file_human,diff_AvgCountLine_class_human,diff_AvgCountLine_function_human,diff_AvgCountLineBlank_file_human,diff_AvgCountLineBlank_class_human,diff_AvgCountLineBlank_function_human,diff_AvgCountLineCode_file_human,diff_AvgCountLineCode_class_human,diff_AvgCountLineCode_function_human,diff_AvgCountLineComment_file_human,diff_AvgCountLineComment_class_human,diff_AvgCountLineComment_function_human,diff_AvgCyclomatic_file_human,diff_AvgCyclomatic_class_human,diff_AvgCyclomatic_function_human,diff_AvgCyclomaticModified_file_human,diff_AvgCyclomaticModified_class_human,diff_AvgCyclomaticModified_function_human,diff_AvgCyclomaticStrict_file_human,diff_AvgCyclomaticStrict_class_human,diff_AvgCyclomaticStrict_function_human,diff_AvgCyclomaticStrictModified_file_human,diff_AvgCyclomaticStrictModified_class_human,diff_AvgCyclomaticStrictModified_function_human,diff_AvgEssential_file_human,diff_AvgEssential_class_human,diff_AvgEssential_function_human,diff_CCViolDensityCode_file_human,diff_CCViolDensityCode_class_human,diff_CCViolDensityCode_function_human,diff_CCViolDensityLine_file_human,diff_CCViolDensityLine_class_human,diff_CCViolDensityLine_function_human,diff_CountCCViol_file_human,diff_CountCCViol_class_human,diff_CountCCViol_function_human,diff_CountCCViolType_file_human,diff_CountCCViolType_class_human,diff_CountCCViolType_function_human,diff_CountClassBase_file_human,diff_CountClassBase_class_human,diff_CountClassBase_function_human,diff_CountClassCoupled_file_human,diff_CountClassCoupled_class_human,diff_CountClassCoupled_function_human,diff_CountClassCoupledModified_file_human,diff_CountClassCoupledModified_class_human,diff_CountClassCoupledModified_function_human,diff_CountClassDerived_file_human,diff_CountClassDerived_class_human,diff_CountClassDerived_function_human,diff_CountDeclClass_file_human,diff_CountDeclClass_class_human,diff_CountDeclClass_function_human,diff_CountDeclClassMethod_file_human,diff_CountDeclClassMethod_class_human,diff_CountDeclClassMethod_function_human,diff_CountDeclClassVariable_file_human,diff_CountDeclClassVariable_class_human,diff_CountDeclClassVariable_function_human,diff_CountDeclExecutableUnit_file_human,diff_CountDeclExecutableUnit_class_human,diff_CountDeclExecutableUnit_function_human,diff_CountDeclFile_file_human,diff_CountDeclFile_class_human,diff_CountDeclFile_function_human,diff_CountDeclFunction_file_human,diff_CountDeclFunction_class_human,diff_CountDeclFunction_function_human,diff_CountDeclInstanceMethod_file_human,diff_CountDeclInstanceMethod_class_human,diff_CountDeclInstanceMethod_function_human,diff_CountDeclInstanceVariable_file_human,diff_CountDeclInstanceVariable_class_human,diff_CountDeclInstanceVariable_function_human,diff_CountDeclMethod_file_human,diff_CountDeclMethod_class_human,diff_CountDeclMethod_function_human,diff_CountDeclMethodAll_file_human,diff_CountDeclMethodAll_class_human,diff_CountDeclMethodAll_function_human,diff_CountDeclMethodDefault_file_human,diff_CountDeclMethodDefault_class_human,diff_CountDeclMethodDefault_function_human,diff_CountDeclMethodPrivate_file_human,diff_CountDeclMethodPrivate_class_human,diff_CountDeclMethodPrivate_function_human,diff_CountDeclMethodProtected_file_human,diff_CountDeclMethodProtected_class_human,diff_CountDeclMethodProtected_function_human,diff_CountDeclMethodPublic_file_human,diff_CountDeclMethodPublic_class_human,diff_CountDeclMethodPublic_function_human,diff_CountInput_file_human,diff_CountInput_class_human,diff_CountInput_function_human,diff_CountLine_file_human,diff_CountLine_class_human,diff_CountLine_function_human,diff_CountLineBlank_file_human,diff_CountLineBlank_class_human,diff_CountLineBlank_function_human,diff_CountLineCode_file_human,diff_CountLineCode_class_human,diff_CountLineCode_function_human,diff_CountLineCodeDecl_file_human,diff_CountLineCodeDecl_class_human,diff_CountLineCodeDecl_function_human,diff_CountLineCodeExe_file_human,diff_CountLineCodeExe_class_human,diff_CountLineCodeExe_function_human,diff_CountLineComment_file_human,diff_CountLineComment_class_human,diff_CountLineComment_function_human,diff_CountOutput_file_human,diff_CountOutput_class_human,diff_CountOutput_function_human,diff_CountPath_file_human,diff_CountPath_class_human,diff_CountPath_function_human,diff_CountPathLog_file_human,diff_CountPathLog_class_human,diff_CountPathLog_function_human,diff_CountSemicolon_file_human,diff_CountSemicolon_class_human,diff_CountSemicolon_function_human,diff_CountStmt_file_human,diff_CountStmt_class_human,diff_CountStmt_function_human,diff_CountStmtDecl_file_human,diff_CountStmtDecl_class_human,diff_CountStmtDecl_function_human,diff_CountStmtExe_file_human,diff_CountStmtExe_class_human,diff_CountStmtExe_function_human,diff_Cyclomatic_file_human,diff_Cyclomatic_class_human,diff_Cyclomatic_function_human,diff_CyclomaticModified_file_human,diff_CyclomaticModified_class_human,diff_CyclomaticModified_function_human,diff_CyclomaticStrict_file_human,diff_CyclomaticStrict_class_human,diff_CyclomaticStrict_function_human,diff_CyclomaticStrictModified_file_human,diff_CyclomaticStrictModified_class_human,diff_CyclomaticStrictModified_function_human,diff_Essential_file_human,diff_Essential_class_human,diff_Essential_function_human,diff_MaxCyclomatic_file_human,diff_MaxCyclomatic_class_human,diff_MaxCyclomatic_function_human,diff_MaxCyclomaticModified_file_human,diff_MaxCyclomaticModified_class_human,diff_MaxCyclomaticModified_function_human,diff_MaxCyclomaticStrict_file_human,diff_MaxCyclomaticStrict_class_human,diff_MaxCyclomaticStrict_function_human,diff_MaxCyclomaticStrictModified_file_human,diff_MaxCyclomaticStrictModified_class_human,diff_MaxCyclomaticStrictModified_function_human,diff_MaxEssential_file_human,diff_MaxEssential_class_human,diff_MaxEssential_function_human,diff_MaxInheritanceTree_file_human,diff_MaxInheritanceTree_class_human,diff_MaxInheritanceTree_function_human,diff_MaxNesting_file_human,diff_MaxNesting_class_human,diff_MaxNesting_function_human,diff_PercentLackOfCohesion_file_human,diff_PercentLackOfCohesion_class_human,diff_PercentLackOfCohesion_function_human,diff_PercentLackOfCohesionModified_file_human,diff_PercentLackOfCohesionModified_class_human,diff_PercentLackOfCohesionModified_function_human,diff_RatioCommentToCode_file_human,diff_RatioCommentToCode_class_human,diff_RatioCommentToCode_function_human,diff_SumCyclomatic_file_human,diff_SumCyclomatic_class_human,diff_SumCyclomatic_function_human,diff_SumCyclomaticModified_file_human,diff_SumCyclomaticModified_class_human,diff_SumCyclomaticModified_function_human,diff_SumCyclomaticStrict_file_human,diff_SumCyclomaticStrict_class_human,diff_SumCyclomaticStrict_function_human,diff_SumCyclomaticStrictModified_file_human,diff_SumCyclomaticStrictModified_class_human,diff_SumCyclomaticStrictModified_function_human,diff_SumEssential_file_human,diff_SumEssential_class_human,diff_SumEssential_function_human,diff_AvgCountLine_file_llm,diff_AvgCountLine_class_llm,diff_AvgCountLine_function_llm,diff_AvgCountLineBlank_file_llm,diff_AvgCountLineBlank_class_llm,diff_AvgCountLineBlank_function_llm,diff_AvgCountLineCode_file_llm,diff_AvgCountLineCode_class_llm,diff_AvgCountLineCode_function_llm,diff_AvgCountLineComment_file_llm,diff_AvgCountLineComment_class_llm,diff_AvgCountLineComment_function_llm,diff_AvgCyclomatic_file_llm,diff_AvgCyclomatic_class_llm,diff_AvgCyclomatic_function_llm,diff_AvgCyclomaticModified_file_llm,diff_AvgCyclomaticModified_class_llm,diff_AvgCyclomaticModified_function_llm,diff_AvgCyclomaticStrict_file_llm,diff_AvgCyclomaticStrict_class_llm,diff_AvgCyclomaticStrict_function_llm,diff_AvgCyclomaticStrictModified_file_llm,diff_AvgCyclomaticStrictModified_class_llm,diff_AvgCyclomaticStrictModified_function_llm,diff_AvgEssential_file_llm,diff_AvgEssential_class_llm,diff_AvgEssential_function_llm,diff_CCViolDensityCode_file_llm,diff_CCViolDensityCode_class_llm,diff_CCViolDensityCode_function_llm,diff_CCViolDensityLine_file_llm,diff_CCViolDensityLine_class_llm,diff_CCViolDensityLine_function_llm,diff_CountCCViol_file_llm,diff_CountCCViol_class_llm,diff_CountCCViol_function_llm,diff_CountCCViolType_file_llm,diff_CountCCViolType_class_llm,diff_CountCCViolType_function_llm,diff_CountClassBase_file_llm,diff_CountClassBase_class_llm,diff_CountClassBase_function_llm,diff_CountClassCoupled_file_llm,diff_CountClassCoupled_class_llm,diff_CountClassCoupled_function_llm,diff_CountClassCoupledModified_file_llm,diff_CountClassCoupledModified_class_llm,diff_CountClassCoupledModified_function_llm,diff_CountClassDerived_file_llm,diff_CountClassDerived_class_llm,diff_CountClassDerived_function_llm,diff_CountDeclClass_file_llm,diff_CountDeclClass_class_llm,diff_CountDeclClass_function_llm,diff_CountDeclClassMethod_file_llm,diff_CountDeclClassMethod_class_llm,diff_CountDeclClassMethod_function_llm,diff_CountDeclClassVariable_file_llm,diff_CountDeclClassVariable_class_llm,diff_CountDeclClassVariable_function_llm,diff_CountDeclExecutableUnit_file_llm,diff_CountDeclExecutableUnit_class_llm,diff_CountDeclExecutableUnit_function_llm,diff_CountDeclFile_file_llm,diff_CountDeclFile_class_llm,diff_CountDeclFile_function_llm,diff_CountDeclFunction_file_llm,diff_CountDeclFunction_class_llm,diff_CountDeclFunction_function_llm,diff_CountDeclInstanceMethod_file_llm,diff_CountDeclInstanceMethod_class_llm,diff_CountDeclInstanceMethod_function_llm,diff_CountDeclInstanceVariable_file_llm,diff_CountDeclInstanceVariable_class_llm,diff_CountDeclInstanceVariable_function_llm,diff_CountDeclMethod_file_llm,diff_CountDeclMethod_class_llm,diff_CountDeclMethod_function_llm,diff_CountDeclMethodAll_file_llm,diff_CountDeclMethodAll_class_llm,diff_CountDeclMethodAll_function_llm,diff_CountDeclMethodDefault_file_llm,diff_CountDeclMethodDefault_class_llm,diff_CountDeclMethodDefault_function_llm,diff_CountDeclMethodPrivate_file_llm,diff_CountDeclMethodPrivate_class_llm,diff_CountDeclMethodPrivate_function_llm,diff_CountDeclMethodProtected_file_llm,diff_CountDeclMethodProtected_class_llm,diff_CountDeclMethodProtected_function_llm,diff_CountDeclMethodPublic_file_llm,diff_CountDeclMethodPublic_class_llm,diff_CountDeclMethodPublic_function_llm,diff_CountInput_file_llm,diff_CountInput_class_llm,diff_CountInput_function_llm,diff_CountLine_file_llm,diff_CountLine_class_llm,diff_CountLine_function_llm,diff_CountLineBlank_file_llm,diff_CountLineBlank_class_llm,diff_CountLineBlank_function_llm,diff_CountLineCode_file_llm,diff_CountLineCode_class_llm,diff_CountLineCode_function_llm,diff_CountLineCodeDecl_file_llm,diff_CountLineCodeDecl_class_llm,diff_CountLineCodeDecl_function_llm,diff_CountLineCodeExe_file_llm,diff_CountLineCodeExe_class_llm,diff_CountLineCodeExe_function_llm,diff_CountLineComment_file_llm,diff_CountLineComment_class_llm,diff_CountLineComment_function_llm,diff_CountOutput_file_llm,diff_CountOutput_class_llm,diff_CountOutput_function_llm,diff_CountPath_file_llm,diff_CountPath_class_llm,diff_CountPath_function_llm,diff_CountPathLog_file_llm,diff_CountPathLog_class_llm,diff_CountPathLog_function_llm,diff_CountSemicolon_file_llm,diff_CountSemicolon_class_llm,diff_CountSemicolon_function_llm,diff_CountStmt_file_llm,diff_CountStmt_class_llm,diff_CountStmt_function_llm,diff_CountStmtDecl_file_llm,diff_CountStmtDecl_class_llm,diff_CountStmtDecl_function_llm,diff_CountStmtExe_file_llm,diff_CountStmtExe_class_llm,diff_CountStmtExe_function_llm,diff_Cyclomatic_file_llm,diff_Cyclomatic_class_llm,diff_Cyclomatic_function_llm,diff_CyclomaticModified_file_llm,diff_CyclomaticModified_class_llm,diff_CyclomaticModified_function_llm,diff_CyclomaticStrict_file_llm,diff_CyclomaticStrict_class_llm,diff_CyclomaticStrict_function_llm,diff_CyclomaticStrictModified_file_llm,diff_CyclomaticStrictModified_class_llm,diff_CyclomaticStrictModified_function_llm,diff_Essential_file_llm,diff_Essential_class_llm,diff_Essential_function_llm,diff_MaxCyclomatic_file_llm,diff_MaxCyclomatic_class_llm,diff_MaxCyclomatic_function_llm,diff_MaxCyclomaticModified_file_llm,diff_MaxCyclomaticModified_class_llm,diff_MaxCyclomaticModified_function_llm,diff_MaxCyclomaticStrict_file_llm,diff_MaxCyclomaticStrict_class_llm,diff_MaxCyclomaticStrict_function_llm,diff_MaxCyclomaticStrictModified_file_llm,diff_MaxCyclomaticStrictModified_class_llm,diff_MaxCyclomaticStrictModified_function_llm,diff_MaxEssential_file_llm,diff_MaxEssential_class_llm,diff_MaxEssential_function_llm,diff_MaxInheritanceTree_file_llm,diff_MaxInheritanceTree_class_llm,diff_MaxInheritanceTree_function_llm,diff_MaxNesting_file_llm,diff_MaxNesting_class_llm,diff_MaxNesting_function_llm,diff_PercentLackOfCohesion_file_llm,diff_PercentLackOfCohesion_class_llm,diff_PercentLackOfCohesion_function_llm,diff_PercentLackOfCohesionModified_file_llm,diff_PercentLackOfCohesionModified_class_llm,diff_PercentLackOfCohesionModified_function_llm,diff_RatioCommentToCode_file_llm,diff_RatioCommentToCode_class_llm,diff_RatioCommentToCode_function_llm,diff_SumCyclomatic_file_llm,diff_SumCyclomatic_class_llm,diff_SumCyclomatic_function_llm,diff_SumCyclomaticModified_file_llm,diff_SumCyclomaticModified_class_llm,diff_SumCyclomaticModified_function_llm,diff_SumCyclomaticStrict_file_llm,diff_SumCyclomaticStrict_class_llm,diff_SumCyclomaticStrict_function_llm,diff_SumCyclomaticStrictModified_file_llm,diff_SumCyclomaticStrictModified_class_llm,diff_SumCyclomaticStrictModified_function_llm,diff_SumEssential_file_llm,diff_SumEssential_class_llm,diff_SumEssential_function_llm
instance_ansible__ansible-379058e10f3dbc0fdcaf80394bd09b18927e7d33-v1055803c3a812189a1133297f7f5468579283f86,ansible,-0.2,0.0,0.0,0.0,0.0,0.0,0.0,0.0,0.0,0.0,0.0,0.0,-0.1,0.0,0.0,-0.1,0.0,0.0,-0.1,0.0,0.0,-0.1,0.0,0.0,0.0,0.0,0.0,0.0,0.0,0.0,0.0,0.0,0.0,0.0,0.0,0.0,0.0,0.0,0.0,0.0,0.0,0.0,0.0,-2.0,0.0,0.0,0.0,0.0,0.0,0.0,0.0,0.0,0.0,0.0,0.0,0.0,0.0,0.0,0.0,0.0,0.0,0.0,0.0,0.0,0.0,0.0,0.0,0.0,0.0,0.0,0.0,0.0,0.0,0.0,0.0,0.0,0.0,0.0,0.0,-70.0,0.0,0.0,0.0,0.0,0.0,0.0,0.0,0.0,0.0,0.0,0.0,0.0,0.0,0.0,0.0,0.0,-17.0,0.0,0.0,1.0,0.0,0.0,-17.0,0.0,0.0,-15.0,0.0,0.0,-2.0,0.0,0.0,-2.0,0.0,0.0,0.0,0.0,0.0,0.0,0.0,0.0,0.0,0.0,0.0,0.0,0.0,0.0,-3.0,0.0,0.0,-1.0,0.0,0.0,-2.0,0.0,0.0,0.0,0.0,0.0,0.0,0.0,0.0,0.0,0.0,0.0,0.0,0.0,0.0,0.0,0.0,0.0,0.0,0.0,0.0,0.0,0.0,0.0,0.0,0.0,0.0,0.0,0.0,0.0,0.0,0.0,0.0,0.0,0.0,0.0,0.0,0.0,0.0,0.0,0.0,0.0,0.0,0.0,0.0,0.020999999999999998,0.0,0.0,-1.0,0.0,0.0,-1.0,0.0,0.0,-1.0,0.0,0.0,-1.0,0.0,0.0,0.0,0.0,0.0,1.4,0.0,0.0,0.0,0.0,0.0,0.0,0.0,0.0,0.0,0.0,0.0,-0.1,0.0,0.0,-0.1,0.0,0.0,-0.1,0.0,0.0,-0.1,0.0,0.0,0.0,0.0,0.0,0.0,0.0,0.0,0.0,0.0,0.0,0.0,0.0,0.0,0.0,0.0,0.0,0.0,0.0,0.0,0.0,-2.0,0.0,0.0,0.0,0.0,0.0,0.0,0.0,0.0,0.0,0.0,0.0,0.0,0.0,0.0,0.0,0.0,0.0,0.0,0.0,0.0,0.0,0.0,0.0,0.0,0.0,0.0,0.0,0.0,0.0,0.0,0.0,0.0,0.0,0.0,0.0,-70.0,0.0,0.0,0.0,0.0,0.0,0.0,0.0,0.0,0.0,0.0,0.0,0.0,0.0,0.0,0.0,0.0,-15.0,0.0,0.0,1.0,0.0,0.0,-15.0,0.0,0.0,-13.0,0.0,0.0,14.0,0.0,0.0,-3.0,0.0,0.0,0.0,0.0,0.0,0.0,0.0,0.0,0.0,0.0,0.0,0.0,0.0,0.0,13.0,0.0,0.0,15.0,0.0,0.0,14.0,0.0,0.0,0.0,0.0,0.0,0.0,0.0,0.0,0.0,0.0,0.0,0.0,0.0,0.0,0.0,0.0,0.0,0.0,0.0,0.0,0.0,0.0,0.0,0.0,0.0,0.0,0.0,0.0,0.0,0.0,0.0,0.0,0.0,0.0,0.0,0.0,0.0,0.0,0.0,0.0,0.0,0.0,0.0,0.0,0.00999999999999999,0.0,0.0,-1.0,0.0,0.0,-1.0,0.0,0.0,-1.0,0.0,0.0,-1.0,0.0,0.0,0.0,0.0,0.0
instance_ansible__ansible-ea04e0048dbb3b63f876aad7020e1de8eee9f362-v1055803c3a812189a1133297f7f5468579283f86,ansible,0.5,0.0,0.0,0.0,0.0,0.0,0.25,0.0,0.0,0.0,0.0,0.0,0.5,0.0,0.0,0.5,0.0,0.0,0.5,0.0,0.0,0.5,0.0,0.0,0.0,0.0,0.0,0.0,0.0,0.0,0.0,0.0,0.0,0.0,0.0,0.0,0.0,0.0,0.0,0.0,0.0,0.0,0.0,1.0,0.0,0.0,0.0,0.0,0.0,0.0,0.0,0.0,0.0,0.0,0.0,0.0,0.0,0.0,0.0,0.0,0.0,0.0,0.0,0.0,0.0,0.0,0.0,0.0,0.0,0.0,0.0,0.0,0.0,0.0,0.0,0.0,0.0,0.0,0.0,0.0,0.0,0.0,0.0,0.0,0.0,0.0,0.0,0.0,0.0,0.0,0.0,0.0,0.0,0.0,0.0,0.0,21.0,0.0,0.0,0.0,0.0,0.0,17.0,0.0,0.0,1.0,0.0,0.0,16.0,0.0,0.0,4.0,0.0,0.0,0.0,0.0,0.0,0.0,0.0,42.0,0.0,0.0,1.0,0.0,0.0,0.0,10.0,0.0,0.0,1.0,0.0,0.0,9.0,0.0,0.0,0.0,0.0,0.03676470588235294,0.0,0.0,0.03676470588235294,0.0,0.0,0.04411764705882353,0.0,0.0,0.04411764705882353,0.0,0.0,0.0,1.0,0.0,0.0,1.0,0.0,0.0,1.0,0.0,0.0,1.0,0.0,0.0,0.0,0.0,0.0,0.0,0.0,0.0,0.0,0.0,2.0,0.0,0.0,0.0,0.0,0.0,0.0,0.010000000000000024,0.0,0.0,5.0,0.0,0.0,5.0,0.0,0.0,6.0,0.0,0.0,6.0,0.0,0.0,0.0,0.0,0.0,1.0,0.0,0.0,0.0,0.0,0.0,0.5,0.0,0.0,0.5,0.0,0.0,0.5,0.0,0.0,0.5,0.0,0.0,0.5,0.0,0.0,0.5,0.0,0.0,0.0,0.0,0.0,0.0,0.0,0.0,0.0,0.0,0.0,0.0,0.0,0.0,0.0,0.0,0.0,0.0,0.0,0.0,0.0,0.0,0.0,0.0,0.0,0.0,0.0,0.0,0.0,0.0,0.0,0.0,0.0,0.0,0.0,0.0,0.0,0.0,0.0,0.0,0.0,0.0,0.0,0.0,0.0,0.0,0.0,0.0,0.0,0.0,0.0,0.0,0.0,0.0,0.0,0.0,0.0,0.0,0.0,0.0,0.0,0.0,0.0,0.0,0.0,0.0,0.0,0.0,0.0,0.0,0.0,0.0,0.0,0.0,22.0,0.0,0.0,0.0,0.0,0.0,13.0,0.0,0.0,1.0,0.0,0.0,13.0,0.0,0.0,9.0,0.0,0.0,0.0,0.0,0.0,0.0,0.0,37.0,0.0,0.0,1.0,0.0,0.0,0.0,10.0,0.0,0.0,1.0,0.0,0.0,10.0,0.0,0.0,0.0,0.0,0.037383177570093455,0.0,0.0,0.037383177570093455,0.0,0.0,0.04672897196261682,0.0,0.0,0.04672897196261682,0.0,0.0,0.018691588785046728,2.0,0.0,0.0,2.0,0.0,0.0,3.0,0.0,0.0,3.0,0.0,0.0,2.0,0.0,0.0,0.0,0.0,0.0,0.0,0.0,3.0,0.0,0.0,0.0,0.0,0.0,0.0,0.04499999999999995,0.0,0.0,4.0,0.0,0.0,4.0,0.0,0.0,5.0,0.0,0.0,5.0,0.0,0.0,2.0,0.0,0.0
instance_qutebrowser__qutebrowser-e64622cd2df5b521342cf4a62e0d4cb8f8c9ae5a-v363c8a7e5ccdf6968fc7ab84a2053ac78036691d,qutebrowser,2.0,0.0,0.0,0.0,0.0,0.0,1.0,0.0,0.0,1.0,0.0,0.0,0.0,0.0,0.0,0.0,0.0,0.0,1.0,0.0,0.0,1.0,0.0,0.0,1.0,0.0,0.0,0.0,0.0,0.0,0.0,0.0,0.0,0.0,0.0,0.0,0.0,0.0,0.0,0.0,0.0,0.0,0.0,0.0,0.0,0.0,0.0,0.0,0.0,0.0,0.0,0.0,0.0,0.0,0.0,0.0,0.0,0.0,0.0,0.0,0.0,0.0,0.0,0.0,0.0,0.0,0.0,0.0,0.0,0.0,0.0,0.0,0.0,0.0,0.0,0.0,0.0,0.0,0.0,0.0,0.0,0.0,0.0,0.0,0.0,0.0,0.0,0.0,0.0,0.0,0.0,0.0,0.0,0.0,0.0,0.0,35.0,0.0,0.0,3.0,0.0,0.0,13.0,0.0,0.0,2.0,0.0,0.0,13.0,0.0,0.0,19.0,0.0,0.0,0.0,0.0,0.0,0.0,0.0,4.0,0.0,0.0,1.0,0.0,0.0,0.0,7.0,0.0,0.0,2.0,0.0,0.0,7.0,0.0,0.0,0.0,0.0,0.2,0.0,0.0,0.2,0.0,0.0,0.2,0.0,0.0,0.2,0.0,0.0,0.2,0.0,0.0,0.0,0.0,0.0,0.0,0.0,0.0,0.0,0.0,0.0,0.0,0.0,0.0,0.0,0.0,0.0,0.0,0.0,0.0,3.0,0.0,0.0,0.0,0.0,0.0,0.0,0.06,0.0,0.0,4.0,0.0,0.0,4.0,0.0,0.0,4.0,0.0,0.0,4.0,0.0,0.0,4.0,0.0,0.0,0.5,0.0,0.0,0.0,0.0,0.0,0.5,0.0,0.0,0.0,0.0,0.0,0.0,0.0,0.0,0.0,0.0,0.0,0.5,0.0,0.0,0.5,0.0,0.0,0.5,0.0,0.0,0.0,0.0,0.0,0.0,0.0,0.0,0.0,0.0,0.0,0.0,0.0,0.0,0.0,0.0,0.0,0.0,0.0,0.0,0.0,0.0,0.0,0.0,0.0,0.0,0.0,0.0,0.0,0.0,0.0,0.0,0.0,0.0,0.0,0.0,0.0,0.0,0.0,0.0,0.0,0.0,0.0,0.0,0.0,0.0,0.0,0.0,0.0,0.0,0.0,0.0,0.0,0.0,0.0,0.0,0.0,0.0,0.0,0.0,0.0,0.0,0.0,0.0,0.0,0.0,0.0,0.0,0.0,0.0,0.0,27.0,0.0,0.0,4.0,0.0,0.0,17.0,0.0,0.0,4.0,0.0,0.0,17.0,0.0,0.0,6.0,0.0,0.0,0.0,0.0,0.0,0.0,0.0,4.0,0.0,0.0,1.0,0.0,0.0,0.0,13.0,0.0,0.0,4.0,0.0,0.0,13.0,0.0,0.0,0.0,0.0,0.12121212121212122,0.0,0.0,0.12121212121212122,0.0,0.0,0.12121212121212122,0.0,0.0,0.12121212121212122,0.0,0.0,0.12121212121212122,0.0,0.0,0.0,0.0,0.0,0.0,0.0,0.0,0.0,0.0,0.0,0.0,0.0,0.0,0.0,0.0,0.0,0.0,0.0,0.0,2.0,0.0,0.0,0.0,0.0,0.0,0.0,-0.00999999999999995,0.0,0.0,4.0,0.0,0.0,4.0,0.0,0.0,4.0,0.0,0.0,4.0,0.0,0.0,4.0,0.0,0.0
instance_qutebrowser__qutebrowser-0833b5f6f140d04200ec91605f88704dd18e2970-v059c6fdc75567943479b23ebca7c07b5e9a7f34c,qutebrowser,0.3333333333333333,0.0,0.0,0.0,0.0,0.0,0.0,0.0,0.0,0.0,0.0,0.0,0.0,0.0,0.0,0.0,0.0,0.0,0.0,0.0,0.0,0.0,0.0,0.0,0.0,0.0,0.0,0.0,0.0,0.0,0.0,0.0,0.0,0.0,0.0,0.0,0.0,0.0,0.0,0.0,0.0,0.0,0.0,1.0,0.0,0.0,0.0,0.0,0.0,0.0,0.0,0.0,0.0,0.0,0.0,0.0,0.0,0.0,0.0,0.0,0.0,0.0,0.0,0.0,0.0,0.0,0.0,0.0,0.0,0.0,0.0,0.0,0.0,0.0,0.0,0.0,0.0,0.0,0.0,0.0,0.0,0.0,0.0,0.0,0.0,0.0,0.0,0.0,0.0,0.0,0.0,0.0,0.0,0.0,0.0,0.0,20.0,0.0,0.0,4.0,0.0,0.0,12.0,0.0,0.0,0.0,0.0,0.0,12.0,0.0,0.0,5.0,0.0,0.0,0.0,0.0,0.0,0.0,0.0,16.0,0.0,0.0,0.0,0.0,0.0,0.0,12.0,0.0,0.0,0.0,0.0,0.0,12.0,0.0,0.0,0.0,0.0,0.057971014492753624,0.0,0.0,0.057971014492753624,0.0,0.0,0.057971014492753624,0.0,0.0,0.057971014492753624,0.0,0.0,0.0,0.0,0.0,0.0,0.0,0.0,0.0,0.0,0.0,0.0,0.0,0.0,0.0,0.0,0.0,0.0,0.0,0.0,0.0,0.0,0.0,1.0,0.0,0.0,0.0,0.0,0.0,0.0,-0.0033333333333333335,0.0,0.0,4.0,0.0,0.0,4.0,0.0,0.0,4.0,0.0,0.0,4.0,0.0,0.0,0.0,0.0,0.0,0.0,0.0,0.0,0.0,0.0,0.0,0.0,0.0,0.0,0.0,0.0,0.0,0.0,0.0,0.0,0.0,0.0,0.0,0.0,0.0,0.0,0.0,0.0,0.0,0.0,0.0,0.0,0.0,0.0,0.0,0.0,0.0,0.0,0.0,0.0,0.0,0.0,0.0,0.0,0.0,0.0,0.0,0.0,0.0,0.0,0.0,0.0,0.0,0.0,0.0,0.0,0.0,0.0,0.0,0.0,0.0,0.0,0.0,0.0,0.0,0.0,0.0,0.0,0.0,0.0,0.0,0.0,0.0,0.0,0.0,0.0,0.0,0.0,0.0,0.0,0.0,0.0,0.0,0.0,0.0,0.0,0.0,0.0,0.0,0.0,0.0,0.0,0.0,0.0,0.0,0.0,0.0,0.0,0.0,0.0,0.0,0.0,0.0,0.0,0.0,0.0,0.0,0.0,0.0,0.0,0.0,0.0,0.0,0.0,0.0,0.0,0.0,0.0,0.0,0.0,0.0,0.0,0.0,0.0,0.0,0.0,0.0,0.0,0.0,0.0,0.0,0.0,0.0,0.0,0.0,0.0,0.0,0.0,0.0,0.0,0.0,0.0,0.0,0.0,0.0,0.0,0.0,0.0,0.0,0.0,0.0,0.0,0.0,0.0,0.0,0.0,0.0,0.0,0.0,0.0,0.0,0.0,0.0,0.0,0.0,0.0,0.0,0.0,0.0,0.0,0.0,0.0,0.0,0.0,0.0,0.0,0.0,0.0,0.0,0.0,0.0,0.0,0.0,0.0,0.0,0.0,0.0,0.0,0.0,0.0,0.0,0.0,0.0,0.0,0.0,0.0,0.0,0.0,0.0,0.0
instance_qutebrowser__qutebrowser-0d2afd58f3d0e34af21cee7d8a3fc9d855594e9f-vnan,qutebrowser,0.25,0.0,0.0,0.0,0.0,0.0,0.25,0.0,0.0,0.0,0.0,0.0,0.0,0.0,0.0,0.0,0.0,0.0,0.0,0.0,0.0,0.0,0.0,0.0,0.0,0.0,0.0,0.0,0.0,0.0,0.0,0.0,0.0,0.0,0.0,0.0,0.0,0.0,0.0,0.0,0.0,0.0,0.0,0.0,0.0,0.0,0.0,0.0,0.0,0.0,0.0,0.0,0.0,0.0,0.0,0.0,0.0,0.0,0.0,0.0,1.0,0.0,0.0,0.0,0.0,0.0,1.0,0.0,0.0,0.0,0.0,0.0,0.0,0.0,0.0,0.0,0.0,0.0,0.0,0.0,0.0,0.0,0.0,0.0,0.0,0.0,0.0,0.0,0.0,0.0,0.0,0.0,0.0,0.0,0.0,0.0,34.0,0.0,0.0,7.0,0.0,0.0,20.0,0.0,0.0,6.0,0.0,0.0,19.0,0.0,0.0,7.0,0.0,0.0,0.0,0.0,0.0,0.0,0.0,10.0,0.0,0.0,1.0,0.0,0.0,0.0,18.0,0.0,0.0,6.0,0.0,0.0,17.0,0.0,0.0,0.0,0.0,0.07692307692307693,0.0,0.0,0.07692307692307693,0.0,0.0,0.0989010989010989,0.0,0.0,0.0989010989010989,0.0,0.0,0.03296703296703297,0.0,0.0,0.0,0.0,0.0,0.0,0.0,0.0,0.0,0.0,0.0,0.0,0.0,0.0,0.0,0.0,0.0,0.0,0.0,0.0,1.0,0.0,0.0,0.0,0.0,0.0,0.0,0.0,0.0,0.0,7.0,0.0,0.0,7.0,0.0,0.0,9.0,0.0,0.0,9.0,0.0,0.0,3.0,0.0,0.0,0.5,0.0,0.0,0.0,0.0,0.0,1.0,0.0,0.0,0.0,0.0,0.0,0.0,0.0,0.0,0.0,0.0,0.0,0.0,0.0,0.0,0.0,0.0,0.0,0.0,0.0,0.0,0.0,0.0,0.0,0.0,0.0,0.0,0.0,0.0,0.0,0.0,0.0,0.0,0.0,0.0,0.0,0.0,1.0,0.0,0.0,0.0,0.0,0.0,0.0,0.0,0.0,0.0,0.0,0.0,0.0,0.0,0.0,0.0,0.0,1.0,0.0,0.0,0.0,0.0,0.0,1.0,0.0,0.0,0.0,0.0,0.0,0.0,0.0,0.0,0.0,0.0,0.0,0.0,0.0,0.0,0.0,0.0,0.0,0.0,0.0,0.0,0.0,0.0,0.0,0.0,0.0,0.0,0.0,0.0,0.0,53.0,0.0,0.0,4.0,0.0,0.0,38.0,0.0,0.0,9.0,0.0,0.0,36.0,0.0,0.0,11.0,0.0,0.0,0.0,0.0,0.0,0.0,0.0,125.0,0.0,0.0,2.0,0.0,0.0,0.0,36.0,0.0,0.0,9.0,0.0,0.0,34.0,0.0,0.0,0.0,0.0,0.1935483870967742,0.0,0.0,0.1935483870967742,0.0,0.0,0.20967741935483872,0.0,0.0,0.20967741935483872,0.0,0.0,0.06451612903225806,3.0,0.0,0.0,3.0,0.0,0.0,2.0,0.0,0.0,2.0,0.0,0.0,0.0,0.0,0.0,0.0,0.0,0.0,0.0,0.0,3.0,0.0,0.0,0.0,0.0,0.0,0.0,-0.005,0.0,0.0,12.0,0.0,0.0,12.0,0.0,0.0,13.0,0.0,0.0,13.0,0.0,0.0,4.0,0.0,0.0
instance_qutebrowser__qutebrowser-66cfa15c372fa9e613ea5a82d3b03e4609399fb6-v363c8a7e5ccdf6968fc7ab84a2053ac78036691d,qutebrowser,-2.5,0.0,0.0,-0.5,0.0,0.0,-1.5,0.0,0.0,-1.5,0.0,0.0,-0.5,0.0,0.0,-0.5,0.0,0.0,0.0,0.0,0.0,0.0,0.0,0.0,0.5,0.0,0.0,0.0,0.0,0.0,0.0,0.0,0.0,0.0,0.0,0.0,0.0,0.0,0.0,0.0,0.0,0.0,0.0,0.0,0.0,0.0,0.0,0.0,0.0,0.0,0.0,0.0,0.0,0.0,0.0,0.0,0.0,0.0,0.0,0.0,3.0,0.0,0.0,0.0,0.0,0.0,3.0,0.0,0.0,0.0,0.0,0.0,0.0,0.0,0.0,0.0,0.0,0.0,0.0,0.0,0.0,0.0,0.0,0.0,0.0,0.0,0.0,0.0,0.0,0.0,0.0,0.0,0.0,0.0,0.0,0.0,91.0,0.0,0.0,16.0,0.0,0.0,66.0,0.0,0.0,12.0,0.0,0.0,58.0,0.0,0.0,10.0,0.0,0.0,0.0,0.0,0.0,0.0,0.0,271.0,0.0,0.0,3.0,0.0,0.0,0.0,37.0,0.0,0.0,9.0,0.0,0.0,32.0,0.0,0.0,0.0,0.0,0.8888888888888888,0.0,0.0,0.8888888888888888,0.0,0.0,1.0,0.0,0.0,1.0,0.0,0.0,0.8333333333333334,0.0,0.0,0.0,0.0,0.0,0.0,0.0,0.0,0.0,0.0,0.0,0.0,3.0,0.0,0.0,0.0,0.0,0.0,0.0,0.0,2.0,0.0,0.0,0.0,0.0,0.0,0.0,-0.03,0.0,0.0,16.0,0.0,0.0,16.0,0.0,0.0,18.0,0.0,0.0,18.0,0.0,0.0,15.0,0.0,0.0,-5.0,0.0,0.0,-1.0,0.0,0.0,-5.0,0.0,0.0,-2.0,0.0,0.0,-1.0,0.0,0.0,-1.0,0.0,0.0,0.0,0.0,0.0,0.0,0.0,0.0,1.0,0.0,0.0,0.0,0.0,0.0,0.0,0.0,0.0,0.0,0.0,0.0,0.0,0.0,0.0,0.0,0.0,0.0,0.0,0.0,0.0,0.0,0.0,0.0,0.0,0.0,0.0,0.0,0.0,0.0,0.0,0.0,0.0,0.0,0.0,0.0,3.0,0.0,0.0,0.0,0.0,0.0,3.0,0.0,0.0,0.0,0.0,0.0,0.0,0.0,0.0,0.0,0.0,0.0,0.0,0.0,0.0,0.0,0.0,0.0,0.0,0.0,0.0,0.0,0.0,0.0,0.0,0.0,0.0,0.0,0.0,0.0,79.0,0.0,0.0,12.0,0.0,0.0,47.0,0.0,0.0,13.0,0.0,0.0,42.0,0.0,0.0,20.0,0.0,0.0,0.0,0.0,0.0,0.0,0.0,21.0,0.0,0.0,2.0,0.0,0.0,0.0,46.0,0.0,0.0,13.0,0.0,0.0,41.0,0.0,0.0,0.0,0.0,1.7777777777777777,0.0,0.0,1.7777777777777777,0.0,0.0,2.0,0.0,0.0,2.0,0.0,0.0,1.6666666666666667,0.0,0.0,0.0,0.0,0.0,0.0,0.0,0.0,0.0,0.0,0.0,0.0,3.0,0.0,0.0,0.0,0.0,0.0,0.0,0.0,2.0,0.0,0.0,0.0,0.0,0.0,0.0,-0.0099999999999999,0.0,0.0,16.0,0.0,0.0,16.0,0.0,0.0,18.0,0.0,0.0,18.0,0.0,0.0,15.0,0.0,0.0
instance_ansible__ansible-e9e6001263f51103e96e58ad382660df0f3d0e39-v30a923fb5c164d6cd18280c02422f75e611e8fb2,ansible,-3.0,0.0,0.0,0.0,0.0,0.0,-1.0,0.0,0.0,0.0,0.0,0.0,0.0,0.0,0.0,0.0,0.0,0.0,-1.0,0.0,0.0,-1.0,0.0,0.0,0.0,0.0,0.0,0.0,0.0,0.0,0.0,0.0,0.0,0.0,0.0,0.0,0.0,0.0,0.0,0.0,0.0,0.0,0.0,-3.0,0.0,0.0,0.0,0.0,0.0,0.0,0.0,0.0,0.0,0.0,0.0,0.0,0.0,0.0,0.0,0.0,0.0,0.0,0.0,0.0,0.0,0.0,0.0,0.0,0.0,0.0,0.0,0.0,0.0,0.0,0.0,0.0,0.0,0.0,0.0,0.0,0.0,0.0,0.0,0.0,0.0,0.0,0.0,0.0,0.0,0.0,0.0,0.0,0.0,0.0,0.0,0.0,-49.0,0.0,0.0,-4.0,0.0,0.0,-37.0,0.0,0.0,-7.0,0.0,0.0,-36.0,0.0,0.0,-8.0,0.0,0.0,0.0,0.0,0.0,0.0,0.0,-144.0,0.0,0.0,0.0,0.0,0.0,0.0,-28.0,0.0,0.0,-7.0,0.0,0.0,-27.0,0.0,0.0,0.0,0.0,-0.16666666666666666,0.0,0.0,-0.16666666666666666,0.0,0.0,-0.16666666666666666,0.0,0.0,-0.16666666666666666,0.0,0.0,-0.1111111111111111,0.0,0.0,0.0,0.0,0.0,0.0,0.0,0.0,0.0,0.0,0.0,0.0,0.0,0.0,0.0,0.0,2.0,0.0,0.0,0.0,0.0,0.0,0.0,0.0,0.0,0.0,0.0,0.0,0.0,0.0,-6.0,0.0,0.0,-6.0,0.0,0.0,-6.0,0.0,0.0,-6.0,0.0,0.0,-2.0,0.0,0.0,-1.0,0.0,0.0,0.0,0.0,0.0,-0.5,0.0,0.0,0.0,0.0,0.0,0.0,0.0,0.0,0.0,0.0,0.0,-0.5,0.0,0.0,-0.5,0.0,0.0,0.0,0.0,0.0,0.0,0.0,0.0,0.0,0.0,0.0,0.0,0.0,0.0,0.0,0.0,0.0,0.0,0.0,0.0,0.0,-3.0,0.0,0.0,0.0,0.0,0.0,0.0,0.0,0.0,0.0,0.0,0.0,0.0,0.0,0.0,0.0,0.0,0.0,0.0,0.0,0.0,0.0,0.0,0.0,0.0,0.0,0.0,0.0,0.0,0.0,0.0,0.0,0.0,0.0,0.0,0.0,0.0,0.0,0.0,0.0,0.0,0.0,0.0,0.0,0.0,0.0,0.0,0.0,0.0,0.0,0.0,0.0,0.0,-37.0,0.0,0.0,-6.0,0.0,0.0,-26.0,0.0,0.0,-3.0,0.0,0.0,-26.0,0.0,0.0,-5.0,0.0,0.0,0.0,0.0,0.0,0.0,0.0,-135.0,0.0,0.0,0.0,0.0,0.0,0.0,-16.0,0.0,0.0,-3.0,0.0,0.0,-16.0,0.0,0.0,0.0,0.0,-0.02197802197802198,0.0,0.0,-0.02197802197802198,0.0,0.0,-0.02197802197802198,0.0,0.0,-0.02197802197802198,0.0,0.0,-0.02197802197802198,0.0,0.0,0.0,0.0,0.0,0.0,0.0,0.0,0.0,0.0,0.0,0.0,0.0,0.0,0.0,0.0,2.0,0.0,0.0,0.0,0.0,0.0,0.0,0.0,0.0,0.0,0.0,0.0,0.0,0.0,-2.0,0.0,0.0,-2.0,0.0,0.0,-2.0,0.0,0.0,-2.0,0.0,0.0,-2.0,0.0,0.0
instance_internetarchive__openlibrary-de6ae10512f1b5ef585c8341b451bc49c9fd4996-vfa6ff903cb27f336e17654595dd900fa943dcd91,openlibrary,4.0,0.0,0.0,1.0,0.0,0.0,1.0,0.0,0.0,1.0,0.0,0.0,0.0,0.0,0.0,0.0,0.0,0.0,1.0,0.0,0.0,1.0,0.0,0.0,0.0,0.0,0.0,0.0,0.0,0.0,0.0,0.0,0.0,0.0,0.0,0.0,0.0,0.0,0.0,0.0,0.0,0.0,0.0,0.0,0.0,0.0,0.0,0.0,0.0,0.0,0.0,0.0,0.0,0.0,0.0,0.0,0.0,0.0,0.0,0.0,0.0,0.0,0.0,0.0,0.0,0.0,0.0,0.0,0.0,0.0,0.0,0.0,0.0,0.0,0.0,0.0,0.0,0.0,0.0,0.0,0.0,0.0,0.0,0.0,0.0,0.0,0.0,0.0,0.0,0.0,0.0,0.0,0.0,0.0,0.0,0.0,52.0,0.0,0.0,9.0,0.0,0.0,38.0,0.0,0.0,3.0,0.0,0.0,41.0,0.0,0.0,7.0,0.0,0.0,0.0,0.0,0.0,0.0,0.0,1.0,0.0,0.0,0.0,0.0,0.0,0.0,5.0,0.0,0.0,3.0,0.0,0.0,8.0,0.0,0.0,0.0,0.0,0.1,0.0,0.0,0.1,0.0,0.0,0.4,0.0,0.0,0.4,0.0,0.0,0.0,0.0,0.0,0.0,0.0,0.0,0.0,0.0,0.0,0.0,0.0,0.0,0.0,0.0,0.0,0.0,0.0,0.0,0.0,0.0,0.0,1.0,0.0,0.0,0.0,0.0,0.0,0.0,-0.01,0.0,0.0,1.0,0.0,0.0,1.0,0.0,0.0,4.0,0.0,0.0,4.0,0.0,0.0,0.0,0.0,0.0,3.0,0.0,0.0,1.0,0.0,0.0,3.0,0.0,0.0,1.0,0.0,0.0,1.0,0.0,0.0,1.0,0.0,0.0,1.0,0.0,0.0,1.0,0.0,0.0,1.0,0.0,0.0,0.0,0.0,0.0,0.0,0.0,0.0,0.0,0.0,0.0,0.0,0.0,0.0,0.0,0.0,0.0,0.0,0.0,0.0,0.0,0.0,0.0,0.0,0.0,0.0,0.0,0.0,0.0,0.0,0.0,0.0,0.0,0.0,0.0,0.0,0.0,0.0,0.0,0.0,0.0,0.0,0.0,0.0,0.0,0.0,0.0,0.0,0.0,0.0,0.0,0.0,0.0,0.0,0.0,0.0,0.0,0.0,0.0,0.0,0.0,0.0,0.0,0.0,0.0,0.0,0.0,0.0,0.0,0.0,0.0,38.0,0.0,0.0,1.0,0.0,0.0,33.0,0.0,0.0,9.0,0.0,0.0,33.0,0.0,0.0,4.0,0.0,0.0,0.0,0.0,0.0,0.0,0.0,10.0,0.0,0.0,1.0,0.0,0.0,0.0,18.0,0.0,0.0,9.0,0.0,0.0,18.0,0.0,0.0,0.0,0.0,0.6,0.0,0.0,0.6,0.0,0.0,0.5,0.0,0.0,0.5,0.0,0.0,0.6,0.0,0.0,0.0,0.0,0.0,0.0,0.0,0.0,0.0,0.0,0.0,0.0,2.0,0.0,0.0,0.0,0.0,0.0,0.0,0.0,4.0,0.0,0.0,0.0,0.0,0.0,0.0,-0.02,0.0,0.0,6.0,0.0,0.0,6.0,0.0,0.0,5.0,0.0,0.0,5.0,0.0,0.0,6.0,0.0,0.0
instance_internetarchive__openlibrary-431442c92887a3aece3f8aa771dd029738a80eb1-v76304ecdb3a5954fcf13feb710e8c40fcf24b73c,openlibrary,0.5,0.0,0.0,-0.5,0.0,0.0,1.0,0.0,0.0,0.0,0.0,0.0,0.0,0.0,0.0,0.0,0.0,0.0,0.0,0.0,0.0,0.0,0.0,0.0,0.0,0.0,0.0,0.0,0.0,0.0,0.0,0.0,0.0,0.0,0.0,0.0,0.0,0.0,0.0,0.0,0.0,0.0,0.0,0.0,0.0,0.0,0.0,0.0,0.0,0.0,0.0,0.0,0.0,0.0,0.0,0.0,0.0,0.0,0.0,0.0,1.0,0.0,0.0,0.0,0.0,0.0,1.0,0.0,0.0,0.0,0.0,0.0,0.0,0.0,0.0,0.0,0.0,0.0,0.0,0.0,0.0,0.0,0.0,0.0,0.0,0.0,0.0,0.0,0.0,0.0,0.0,0.0,0.0,0.0,0.0,0.0,36.0,0.0,0.0,2.0,0.0,0.0,26.0,0.0,0.0,7.0,0.0,0.0,22.0,0.0,0.0,8.0,0.0,0.0,0.0,0.0,0.0,0.0,0.0,5.0,0.0,0.0,0.0,0.0,0.0,0.0,11.0,0.0,0.0,4.0,0.0,0.0,10.0,0.0,0.0,0.0,0.0,0.2857142857142857,0.0,0.0,0.2857142857142857,0.0,0.0,0.2857142857142857,0.0,0.0,0.2857142857142857,0.0,0.0,0.19047619047619047,0.0,0.0,0.0,0.0,0.0,0.0,0.0,0.0,0.0,0.0,0.0,0.0,3.0,0.0,0.0,0.0,0.0,0.0,0.0,0.0,1.0,0.0,0.0,0.0,0.0,0.0,0.0,-0.00999999999999995,0.0,0.0,6.0,0.0,0.0,6.0,0.0,0.0,6.0,0.0,0.0,6.0,0.0,0.0,4.0,0.0,0.0,-1.5,0.0,0.0,0.0,0.0,0.0,-1.0,0.0,0.0,-0.5,0.0,0.0,0.0,0.0,0.0,0.0,0.0,0.0,0.0,0.0,0.0,0.0,0.0,0.0,0.0,0.0,0.0,0.0,0.0,0.0,0.0,0.0,0.0,0.0,0.0,0.0,0.0,0.0,0.0,0.0,0.0,0.0,0.0,0.0,0.0,0.0,0.0,0.0,0.0,0.0,0.0,0.0,0.0,0.0,0.0,0.0,0.0,0.0,0.0,0.0,2.0,0.0,0.0,0.0,0.0,0.0,1.0,0.0,0.0,0.0,0.0,0.0,0.0,0.0,0.0,0.0,0.0,0.0,0.0,0.0,0.0,0.0,0.0,0.0,0.0,0.0,0.0,0.0,0.0,0.0,0.0,0.0,0.0,0.0,0.0,0.0,22.0,0.0,0.0,4.0,0.0,0.0,9.0,0.0,0.0,6.0,0.0,0.0,7.0,0.0,0.0,9.0,0.0,0.0,0.0,0.0,0.0,0.0,0.0,2.0,0.0,0.0,0.0,0.0,0.0,0.0,9.0,0.0,0.0,4.0,0.0,0.0,7.0,0.0,0.0,0.0,0.0,0.2,0.0,0.0,0.2,0.0,0.0,0.06666666666666667,0.0,0.0,0.06666666666666667,0.0,0.0,0.06666666666666667,0.0,0.0,0.0,0.0,0.0,0.0,0.0,0.0,0.0,0.0,0.0,0.0,0.0,0.0,0.0,0.0,0.0,0.0,0.0,0.0,1.0,0.0,0.0,0.0,0.0,0.0,0.0,0.015,0.0,0.0,4.0,0.0,0.0,4.0,0.0,0.0,3.0,0.0,0.0,3.0,0.0,0.0,2.0,0.0,0.0
instance_internetarchive__openlibrary-c12943be1db80cf1114bc267ddf4f9933aca9b28-v2c55207218fb8a0138425cbf7d9675272e240b90,openlibrary,0.0,0.0,0.0,0.0,0.0,0.0,0.5,0.0,0.0,0.0,0.0,0.0,0.0,0.0,0.0,0.0,0.0,0.0,0.5,0.0,0.0,0.5,0.0,0.0,0.0,0.0,0.0,0.0,0.0,0.0,0.0,0.0,0.0,0.0,0.0,0.0,0.0,0.0,0.0,0.0,0.0,0.0,0.0,0.0,0.0,0.0,0.0,0.0,0.0,0.0,0.0,0.0,0.0,0.0,0.0,0.0,0.0,0.0,0.0,0.0,0.0,0.0,0.0,0.0,0.0,0.0,0.0,0.0,0.0,0.0,0.0,0.0,0.0,0.0,0.0,0.0,0.0,0.0,0.0,0.0,0.0,0.0,0.0,0.0,0.0,0.0,0.0,0.0,0.0,0.0,0.0,0.0,0.0,0.0,0.0,0.0,8.0,0.0,0.0,0.0,0.0,0.0,8.0,0.0,0.0,2.0,0.0,0.0,6.0,0.0,0.0,0.0,0.0,0.0,0.0,0.0,0.0,0.0,0.0,19.0,0.0,0.0,2.0,0.0,0.0,0.0,6.0,0.0,0.0,2.0,0.0,0.0,4.0,0.0,0.0,0.0,0.0,0.016129032258064516,0.0,0.0,0.016129032258064516,0.0,0.0,0.016129032258064516,0.0,0.0,0.016129032258064516,0.0,0.0,0.0,0.0,0.0,0.0,0.0,0.0,0.0,0.0,0.0,0.0,0.0,0.0,0.0,0.0,0.0,0.0,0.0,0.0,0.0,0.0,0.0,0.0,0.0,0.0,0.0,0.0,0.0,0.0,-0.00499999999999995,0.0,0.0,2.0,0.0,0.0,2.0,0.0,0.0,2.0,0.0,0.0,2.0,0.0,0.0,0.0,0.0,0.0,0.0,0.0,0.0,0.0,0.0,0.0,0.0,0.0,0.0,0.0,0.0,0.0,0.0,0.0,0.0,0.0,0.0,0.0,0.0,0.0,0.0,0.0,0.0,0.0,0.0,0.0,0.0,0.0,0.0,0.0,0.0,0.0,0.0,0.0,0.0,0.0,0.0,0.0,0.0,0.0,0.0,0.0,0.0,0.0,0.0,0.0,0.0,0.0,0.0,0.0,0.0,0.0,0.0,0.0,0.0,0.0,0.0,0.0,0.0,0.0,0.0,0.0,0.0,0.0,0.0,0.0,0.0,0.0,0.0,0.0,0.0,0.0,0.0,0.0,0.0,0.0,0.0,0.0,0.0,0.0,0.0,0.0,0.0,0.0,0.0,0.0,0.0,0.0,0.0,0.0,0.0,0.0,0.0,0.0,0.0,0.0,0.0,0.0,0.0,0.0,0.0,0.0,0.0,0.0,0.0,0.0,0.0,0.0,0.0,0.0,0.0,0.0,0.0,0.0,0.0,0.0,0.0,0.0,0.0,0.0,0.0,0.0,0.0,0.0,0.0,0.0,0.0,0.0,0.0,0.0,0.0,0.0,0.0,0.0,0.0,0.0,0.0,0.0,0.0,0.0,0.0,0.0,0.0,0.0,0.0,0.0,0.0,0.0,0.0,0.0,0.0,0.0,0.0,0.0,0.0,0.0,0.0,0.0,0.0,0.0,0.0,0.0,0.0,0.0,0.0,0.0,0.0,0.0,0.0,0.0,0.0,0.0,0.0,0.0,0.0,0.0,0.0,0.0,0.0,0.0,0.0,0.0,0.0,0.0,0.0,0.0,0.0,0.0,0.0,0.0,0.0,0.0,0.0,0.0,0.0
instance_qutebrowser__qutebrowser-8f46ba3f6dc7b18375f7aa63c48a1fe461190430-v2ef375ac784985212b1805e1d0431dc8f1b3c171,qutebrowser,0.0,0.0,0.0,0.0,0.0,0.0,0.0,0.0,0.0,-1.0,0.0,0.0,0.0,0.0,0.0,0.0,0.0,0.0,0.0,0.0,0.0,0.0,0.0,0.0,1.0,0.0,0.0,0.0,0.0,0.0,0.0,0.0,0.0,0.0,0.0,0.0,0.0,0.0,0.0,0.0,0.0,0.0,0.0,0.0,0.0,0.0,0.0,0.0,0.0,0.0,0.0,0.0,0.0,0.0,0.0,0.0,0.0,0.0,0.0,0.0,1.0,0.0,0.0,0.0,0.0,0.0,1.0,0.0,0.0,0.0,0.0,0.0,0.0,0.0,0.0,0.0,0.0,0.0,0.0,0.0,0.0,0.0,0.0,0.0,0.0,0.0,0.0,0.0,0.0,0.0,0.0,0.0,0.0,0.0,0.0,0.0,25.0,0.0,0.0,4.0,0.0,0.0,19.0,0.0,0.0,4.0,0.0,0.0,18.0,0.0,0.0,2.0,0.0,0.0,0.0,0.0,0.0,0.0,0.0,5.0,0.0,0.0,1.0,0.0,0.0,0.0,13.0,0.0,0.0,4.0,0.0,0.0,12.0,0.0,0.0,0.0,0.0,0.7142857142857143,0.0,0.0,0.7142857142857143,0.0,0.0,0.7142857142857143,0.0,0.0,0.7142857142857143,0.0,0.0,0.7142857142857143,2.0,0.0,0.0,2.0,0.0,0.0,2.0,0.0,0.0,2.0,0.0,0.0,2.0,0.0,0.0,0.0,0.0,0.0,0.0,0.0,2.0,0.0,0.0,0.0,0.0,0.0,0.0,-0.0499999999999999,0.0,0.0,5.0,0.0,0.0,5.0,0.0,0.0,5.0,0.0,0.0,5.0,0.0,0.0,5.0,0.0,0.0,0.0,0.0,0.0,1.0,0.0,0.0,-1.0,0.0,0.0,0.0,0.0,0.0,0.0,0.0,0.0,0.0,0.0,0.0,0.0,0.0,0.0,0.0,0.0,0.0,1.0,0.0,0.0,0.0,0.0,0.0,0.0,0.0,0.0,0.0,0.0,0.0,0.0,0.0,0.0,0.0,0.0,0.0,0.0,0.0,0.0,0.0,0.0,0.0,0.0,0.0,0.0,0.0,0.0,0.0,0.0,0.0,0.0,0.0,0.0,0.0,1.0,0.0,0.0,0.0,0.0,0.0,1.0,0.0,0.0,0.0,0.0,0.0,0.0,0.0,0.0,0.0,0.0,0.0,0.0,0.0,0.0,0.0,0.0,0.0,0.0,0.0,0.0,0.0,0.0,0.0,0.0,0.0,0.0,0.0,0.0,0.0,29.0,0.0,0.0,10.0,0.0,0.0,13.0,0.0,0.0,4.0,0.0,0.0,12.0,0.0,0.0,6.0,0.0,0.0,0.0,0.0,0.0,0.0,0.0,6.0,0.0,0.0,1.0,0.0,0.0,0.0,14.0,0.0,0.0,4.0,0.0,0.0,13.0,0.0,0.0,0.0,0.0,0.7142857142857143,0.0,0.0,0.7142857142857143,0.0,0.0,0.8571428571428571,0.0,0.0,0.8571428571428571,0.0,0.0,0.7142857142857143,2.0,0.0,0.0,2.0,0.0,0.0,3.0,0.0,0.0,3.0,0.0,0.0,2.0,0.0,0.0,0.0,0.0,0.0,0.0,0.0,1.0,0.0,0.0,0.0,0.0,0.0,0.0,0.0,0.0,0.0,5.0,0.0,0.0,5.0,0.0,0.0,6.0,0.0,0.0,6.0,0.0,0.0,5.0,0.0,0.0
instance_internetarchive__openlibrary-3f580a5f244c299d936d73d9e327ba873b6401d9-v0f5aece3601a5b4419f7ccec1dbda2071be28ee4,openlibrary,0.0,0.0,0.0,0.0,0.0,0.0,0.0,0.0,0.0,0.0,0.0,0.0,0.0,0.0,0.0,0.0,0.0,0.0,0.0,0.0,0.0,0.0,0.0,0.0,0.0,0.0,0.0,0.0,0.0,0.0,0.0,0.0,0.0,0.0,0.0,0.0,0.0,0.0,0.0,0.0,0.0,0.0,0.0,0.0,0.0,0.0,0.0,0.0,0.0,0.0,0.0,0.0,0.0,0.0,0.0,0.0,0.0,0.0,0.0,0.0,0.0,0.0,0.0,0.0,0.0,0.0,0.0,0.0,0.0,0.0,0.0,0.0,0.0,0.0,0.0,0.0,0.0,0.0,0.0,0.0,0.0,0.0,0.0,0.0,0.0,0.0,0.0,0.0,0.0,0.0,0.0,0.0,0.0,0.0,0.0,0.0,17.0,0.0,0.0,0.0,0.0,0.0,17.0,0.0,0.0,3.0,0.0,0.0,14.0,0.0,0.0,0.0,0.0,0.0,0.0,0.0,0.0,0.0,0.0,0.0,0.0,0.0,0.0,0.0,0.0,0.0,3.0,0.0,0.0,3.0,0.0,0.0,0.0,0.0,0.0,0.0,0.0,0.0,0.0,0.0,0.0,0.0,0.0,0.0,0.0,0.0,0.0,0.0,0.0,0.0,0.0,0.0,0.0,0.0,0.0,0.0,0.0,0.0,0.0,0.0,0.0,0.0,0.0,0.0,0.0,0.0,0.0,0.0,0.0,0.0,0.0,0.0,0.0,0.0,0.0,0.0,0.0,-0.0033333333333333335,0.0,0.0,0.0,0.0,0.0,0.0,0.0,0.0,0.0,0.0,0.0,0.0,0.0,0.0,0.0,0.0,0.0,0.0,0.0,0.0,0.0,0.0,0.0,0.0,0.0,0.0,0.0,0.0,0.0,0.0,0.0,0.0,0.0,0.0,0.0,0.0,0.0,0.0,0.0,0.0,0.0,0.0,0.0,0.0,0.0,0.0,0.0,0.0,0.0,0.0,0.0,0.0,0.0,0.0,0.0,0.0,0.0,0.0,0.0,0.0,1.0,0.0,0.0,0.0,0.0,0.0,0.0,0.0,0.0,0.0,0.0,0.0,0.0,0.0,0.0,0.0,0.0,0.0,0.0,0.0,0.0,0.0,0.0,0.0,0.0,0.0,0.0,0.0,0.0,0.0,0.0,0.0,0.0,0.0,0.0,0.0,0.0,0.0,0.0,0.0,0.0,0.0,0.0,0.0,0.0,0.0,0.0,0.0,0.0,0.0,0.0,0.0,0.0,2.0,0.0,0.0,0.0,0.0,0.0,1.0,0.0,0.0,1.0,0.0,0.0,1.0,0.0,0.0,1.0,0.0,0.0,0.0,0.0,0.0,0.0,0.0,0.0,0.0,0.0,0.0,0.0,0.0,0.0,1.0,0.0,0.0,1.0,0.0,0.0,1.0,0.0,0.0,0.0,0.0,0.08333333333333333,0.0,0.0,0.08333333333333333,0.0,0.0,0.08333333333333333,0.0,0.0,0.08333333333333333,0.0,0.0,0.0,1.0,0.0,0.0,1.0,0.0,0.0,1.0,0.0,0.0,1.0,0.0,0.0,0.0,0.0,0.0,0.0,0.0,0.0,0.0,0.0,0.0,0.0,0.0,0.0,0.0,0.0,0.0,0.01,0.0,0.0,1.0,0.0,0.0,1.0,0.0,0.0,1.0,0.0,0.0,1.0,0.0,0.0,0.0,0.0,0.0
instance_qutebrowser__qutebrowser-1af602b258b97aaba69d2585ed499d95e2303ac2-v2ef375ac784985212b1805e1d0431dc8f1b3c171,qutebrowser,1.0,0.0,0.0,0.0,0.0,0.0,0.0,0.0,0.0,1.0,0.0,0.0,0.0,0.0,0.0,0.0,0.0,0.0,0.0,0.0,0.0,0.0,0.0,0.0,0.0,0.0,0.0,0.0,0.0,0.0,0.0,0.0,0.0,0.0,0.0,0.0,0.0,0.0,0.0,0.0,0.0,0.0,0.0,0.0,0.0,0.0,0.0,0.0,0.0,0.0,0.0,0.0,0.0,0.0,0.0,0.0,0.0,0.0,0.0,0.0,0.0,0.0,0.0,0.0,0.0,0.0,0.0,0.0,0.0,0.0,0.0,0.0,0.0,0.0,0.0,0.0,0.0,0.0,0.0,0.0,0.0,0.0,0.0,0.0,0.0,0.0,0.0,0.0,0.0,0.0,0.0,0.0,0.0,0.0,0.0,0.0,44.0,0.0,0.0,1.0,0.0,0.0,3.0,0.0,0.0,0.0,0.0,0.0,3.0,0.0,0.0,40.0,0.0,0.0,0.0,0.0,0.0,0.0,0.0,4.0,0.0,0.0,0.0,0.0,0.0,0.0,3.0,0.0,0.0,0.0,0.0,0.0,3.0,0.0,0.0,0.0,0.0,0.02857142857142857,0.0,0.0,0.02857142857142857,0.0,0.0,0.02857142857142857,0.0,0.0,0.02857142857142857,0.0,0.0,0.0,1.0,0.0,0.0,1.0,0.0,0.0,1.0,0.0,0.0,1.0,0.0,0.0,0.0,0.0,0.0,0.0,0.0,0.0,0.0,0.0,0.0,0.0,0.0,0.0,0.0,0.0,0.0,0.2699999999999999,0.0,0.0,1.0,0.0,0.0,1.0,0.0,0.0,1.0,0.0,0.0,1.0,0.0,0.0,0.0,0.0,0.0,0.0,0.0,0.0,0.0,0.0,0.0,0.0,0.0,0.0,0.0,0.0,0.0,0.0,0.0,0.0,0.0,0.0,0.0,0.0,0.0,0.0,0.0,0.0,0.0,0.0,0.0,0.0,0.0,0.0,0.0,0.0,0.0,0.0,0.0,0.0,0.0,0.0,0.0,0.0,0.0,0.0,0.0,0.0,0.0,0.0,0.0,0.0,0.0,0.0,0.0,0.0,0.0,0.0,0.0,0.0,0.0,0.0,0.0,0.0,0.0,0.0,0.0,0.0,0.0,0.0,0.0,0.0,0.0,0.0,0.0,0.0,0.0,0.0,0.0,0.0,0.0,0.0,0.0,0.0,0.0,0.0,0.0,0.0,0.0,0.0,0.0,0.0,0.0,0.0,0.0,0.0,0.0,0.0,0.0,0.0,0.0,6.0,0.0,0.0,0.0,0.0,0.0,3.0,0.0,0.0,0.0,0.0,0.0,3.0,0.0,0.0,3.0,0.0,0.0,0.0,0.0,0.0,0.0,0.0,4.0,0.0,0.0,0.0,0.0,0.0,0.0,2.0,0.0,0.0,0.0,0.0,0.0,2.0,0.0,0.0,0.0,0.0,0.02857142857142857,0.0,0.0,0.02857142857142857,0.0,0.0,0.08571428571428572,0.0,0.0,0.08571428571428572,0.0,0.0,0.0,1.0,0.0,0.0,1.0,0.0,0.0,3.0,0.0,0.0,3.0,0.0,0.0,0.0,0.0,0.0,0.0,0.0,0.0,0.0,0.0,0.0,0.0,0.0,0.0,0.0,0.0,0.0,0.01,0.0,0.0,1.0,0.0,0.0,1.0,0.0,0.0,3.0,0.0,0.0,3.0,0.0,0.0,0.0,0.0,0.0
instance_ansible__ansible-1ee70fc272aff6bf3415357c6e13c5de5b928d9b-v1055803c3a812189a1133297f7f5468579283f86,ansible,-1.0,0.0,0.0,0.0,0.0,0.0,-2.0,0.0,0.0,-1.0,0.0,0.0,0.0,0.0,0.0,0.0,0.0,0.0,0.0,0.0,0.0,0.0,0.0,0.0,0.0,0.0,0.0,0.0,0.0,0.0,0.0,0.0,0.0,0.0,0.0,0.0,0.0,0.0,0.0,0.0,0.0,0.0,0.0,0.0,0.0,0.0,0.0,0.0,0.0,0.0,0.0,0.0,0.0,0.0,0.0,0.0,0.0,0.0,0.0,0.0,1.0,0.0,0.0,0.0,0.0,0.0,1.0,0.0,0.0,0.0,0.0,0.0,0.0,0.0,0.0,0.0,0.0,0.0,0.0,0.0,0.0,0.0,0.0,0.0,0.0,0.0,0.0,0.0,0.0,0.0,0.0,0.0,0.0,0.0,0.0,0.0,33.0,0.0,0.0,11.0,0.0,0.0,22.0,0.0,0.0,2.0,0.0,0.0,21.0,0.0,0.0,0.0,0.0,0.0,0.0,0.0,0.0,0.0,0.0,2.0,0.0,0.0,1.0,0.0,0.0,0.0,9.0,0.0,0.0,2.0,0.0,0.0,8.0,0.0,0.0,0.0,0.0,0.2222222222222222,0.0,0.0,0.2222222222222222,0.0,0.0,0.3333333333333333,0.0,0.0,0.3333333333333333,0.0,0.0,0.2222222222222222,0.0,0.0,0.0,0.0,0.0,0.0,0.0,0.0,0.0,0.0,0.0,0.0,0.0,0.0,0.0,0.0,0.0,0.0,0.0,0.0,1.0,0.0,0.0,0.0,0.0,0.0,0.0,-0.08,0.0,0.0,3.0,0.0,0.0,3.0,0.0,0.0,4.0,0.0,0.0,4.0,0.0,0.0,2.0,0.0,0.0,2.0,0.0,0.0,0.0,0.0,0.0,2.0,0.0,0.0,3.0,0.0,0.0,1.0,0.0,0.0,1.0,0.0,0.0,0.0,0.0,0.0,0.0,0.0,0.0,1.0,0.0,0.0,0.0,0.0,0.0,0.0,0.0,0.0,0.0,0.0,0.0,0.0,0.0,0.0,0.0,0.0,0.0,0.0,0.0,0.0,0.0,0.0,0.0,0.0,0.0,0.0,0.0,0.0,0.0,0.0,0.0,0.0,0.0,0.0,0.0,0.0,0.0,0.0,0.0,0.0,0.0,0.0,0.0,0.0,0.0,0.0,0.0,0.0,0.0,0.0,0.0,0.0,0.0,0.0,0.0,0.0,0.0,0.0,0.0,0.0,0.0,0.0,0.0,0.0,0.0,0.0,0.0,0.0,0.0,0.0,0.0,26.0,0.0,0.0,-2.0,0.0,0.0,12.0,0.0,0.0,2.0,0.0,0.0,9.0,0.0,0.0,16.0,0.0,0.0,0.0,0.0,0.0,0.0,0.0,4.0,0.0,0.0,0.0,0.0,0.0,0.0,11.0,0.0,0.0,2.0,0.0,0.0,8.0,0.0,0.0,0.0,0.0,0.5714285714285714,0.0,0.0,0.5714285714285714,0.0,0.0,0.5714285714285714,0.0,0.0,0.5714285714285714,0.0,0.0,0.5714285714285714,0.0,0.0,0.0,0.0,0.0,0.0,0.0,0.0,0.0,0.0,0.0,0.0,4.0,0.0,0.0,0.0,0.0,0.0,0.0,0.0,1.0,0.0,0.0,0.0,0.0,0.0,0.0,0.0599999999999999,0.0,0.0,4.0,0.0,0.0,4.0,0.0,0.0,4.0,0.0,0.0,4.0,0.0,0.0,4.0,0.0,0.0
instance_internetarchive__openlibrary-92db3454aeaa02f89b4cdbc3103f7e95c9759f92-v2c55207218fb8a0138425cbf7d9675272e240b90,openlibrary,2.3333333333333335,0.0,0.0,0.3333333333333333,0.0,0.0,1.5,0.0,0.0,0.8333333333333334,0.0,0.0,0.0,0.0,0.0,0.0,0.0,0.0,0.0,0.0,0.0,0.0,0.0,0.0,0.16666666666666666,0.0,0.0,0.0,0.0,0.0,0.0,0.0,0.0,0.0,0.0,0.0,0.0,0.0,0.0,0.0,0.0,0.0,0.0,10.0,0.0,0.0,5.0,0.0,0.0,0.0,0.0,2.0,0.0,0.0,0.0,0.0,0.0,0.0,0.0,0.0,-1.0,0.0,0.0,0.0,0.0,0.0,-1.0,0.0,0.0,0.0,-5.0,0.0,0.0,-1.0,0.0,0.0,-5.0,0.0,0.0,-5.0,0.0,0.0,0.0,0.0,0.0,0.0,0.0,0.0,0.0,0.0,0.0,0.0,0.0,0.0,0.0,0.0,208.0,0.0,0.0,38.0,0.0,0.0,93.0,0.0,0.0,46.0,0.0,0.0,66.0,0.0,0.0,80.0,0.0,0.0,0.0,0.0,0.0,0.0,0.0,-22.0,0.0,0.0,3.0,0.0,0.0,0.0,58.0,0.0,0.0,28.0,0.0,0.0,48.0,0.0,0.0,0.0,0.0,0.04526748971193416,0.0,0.0,0.04526748971193416,0.0,0.0,0.037037037037037035,0.0,0.0,0.037037037037037035,0.0,0.0,0.00823045267489712,1.0,0.0,0.0,1.0,0.0,0.0,0.0,0.0,0.0,0.0,0.0,0.0,0.0,0.0,0.0,0.0,0.0,0.0,0.0,0.0,7.0,0.0,0.0,0.0,0.0,0.0,0.0,0.016666666666666632,0.0,0.0,11.0,0.0,0.0,11.0,0.0,0.0,9.0,0.0,0.0,9.0,0.0,0.0,2.0,0.0,0.0,0.0,0.0,0.0,0.0,0.0,0.0,0.0,0.0,0.0,0.0,0.0,0.0,0.0,0.0,0.0,0.0,0.0,0.0,0.0,0.0,0.0,0.0,0.0,0.0,0.0,0.0,0.0,0.0,0.0,0.0,0.0,0.0,0.0,0.0,0.0,0.0,0.0,0.0,0.0,0.0,0.0,0.0,0.0,0.0,0.0,0.0,0.0,0.0,0.0,0.0,0.0,0.0,0.0,0.0,0.0,0.0,0.0,0.0,0.0,0.0,0.0,0.0,0.0,0.0,0.0,0.0,0.0,0.0,0.0,0.0,0.0,0.0,0.0,0.0,0.0,0.0,0.0,0.0,0.0,0.0,0.0,0.0,0.0,0.0,0.0,0.0,0.0,0.0,0.0,0.0,0.0,0.0,0.0,0.0,0.0,0.0,3.0,0.0,0.0,1.0,0.0,0.0,1.0,0.0,0.0,1.0,0.0,0.0,1.0,0.0,0.0,1.0,0.0,0.0,0.0,0.0,0.0,0.0,0.0,0.0,0.0,0.0,0.0,0.0,0.0,0.0,1.0,0.0,0.0,1.0,0.0,0.0,1.0,0.0,0.0,0.0,0.0,0.0,0.0,0.0,0.0,0.0,0.0,0.0,0.0,0.0,0.0,0.0,0.0,0.0,0.0,0.0,0.0,0.0,0.0,0.0,0.0,0.0,0.0,0.0,0.0,0.0,0.0,0.0,0.0,0.0,0.0,0.0,0.0,0.0,0.0,0.0,0.0,0.0,0.0,0.0,0.0,0.0,0.0,0.0,0.0,0.0,0.0,0.0,0.0,0.0,0.0,0.0,0.0,0.0,0.0,0.0,0.0,0.0,0.0
instance_ansible__ansible-e0c91af45fa9af575d10fd3e724ebc59d2b2d6ac-v30a923fb5c164d6cd18280c02422f75e611e8fb2,ansible,1.0,0.0,0.0,1.0,0.0,0.0,2.6666666666666665,0.0,0.0,-0.3333333333333333,0.0,0.0,0.0,0.0,0.0,0.0,0.0,0.0,0.0,0.0,0.0,0.0,0.0,0.0,0.0,0.0,0.0,0.0,0.0,0.0,0.0,0.0,0.0,0.0,0.0,0.0,0.0,0.0,0.0,0.0,-1.0,0.0,0.0,0.0,0.0,0.0,0.0,0.0,0.0,0.0,0.0,-1.0,0.0,0.0,0.0,0.0,0.0,0.0,0.0,0.0,-5.0,0.0,0.0,0.0,0.0,0.0,-5.0,0.0,0.0,0.0,-6.0,0.0,0.0,-3.0,0.0,0.0,-6.0,0.0,0.0,-47.0,0.0,0.0,0.0,0.0,0.0,0.0,0.0,0.0,0.0,0.0,0.0,0.0,0.0,0.0,0.0,0.0,-36.0,0.0,0.0,-4.0,0.0,0.0,-19.0,0.0,0.0,-13.0,0.0,0.0,-10.0,0.0,0.0,-13.0,0.0,0.0,0.0,0.0,0.0,0.0,0.0,-9.0,0.0,0.0,-1.0,0.0,0.0,0.0,-22.0,0.0,0.0,-13.0,0.0,0.0,-13.0,0.0,0.0,0.0,0.0,-0.26666666666666666,0.0,0.0,-0.26666666666666666,0.0,0.0,-0.26666666666666666,0.0,0.0,-0.26666666666666666,0.0,0.0,-0.16666666666666666,0.0,0.0,0.0,0.0,0.0,0.0,0.0,0.0,0.0,0.0,0.0,0.0,0.0,0.0,0.0,0.0,0.0,0.0,0.0,0.0,-1.0,0.0,0.0,0.0,0.0,0.0,0.0,-0.07333333333333333,0.0,0.0,-8.0,0.0,0.0,-8.0,0.0,0.0,-8.0,0.0,0.0,-8.0,0.0,0.0,-5.0,0.0,0.0,0.0,0.0,0.0,0.0,0.0,0.0,0.0,0.0,0.0,0.0,0.0,0.0,0.0,0.0,0.0,0.0,0.0,0.0,0.0,0.0,0.0,0.0,0.0,0.0,0.0,0.0,0.0,0.0,0.0,0.0,0.0,0.0,0.0,0.0,0.0,0.0,0.0,0.0,0.0,0.0,0.0,0.0,0.0,0.0,0.0,0.0,0.0,0.0,0.0,0.0,0.0,0.0,0.0,0.0,0.0,0.0,0.0,0.0,0.0,0.0,0.0,0.0,0.0,0.0,0.0,0.0,0.0,0.0,0.0,0.0,0.0,0.0,0.0,0.0,0.0,0.0,0.0,0.0,0.0,0.0,0.0,0.0,0.0,0.0,0.0,0.0,0.0,0.0,0.0,0.0,0.0,0.0,0.0,0.0,0.0,0.0,1.0,0.0,0.0,0.0,0.0,0.0,1.0,0.0,0.0,1.0,0.0,0.0,0.0,0.0,0.0,0.0,0.0,0.0,0.0,0.0,0.0,0.0,0.0,0.0,0.0,0.0,0.0,0.0,0.0,0.0,1.0,0.0,0.0,1.0,0.0,0.0,0.0,0.0,0.0,0.0,0.0,0.0,0.0,0.0,0.0,0.0,0.0,0.0,0.0,0.0,0.0,0.0,0.0,0.0,0.0,0.0,0.0,0.0,0.0,0.0,0.0,0.0,0.0,0.0,0.0,0.0,0.0,0.0,0.0,0.0,0.0,0.0,0.0,0.0,0.0,0.0,0.0,0.0,0.0,0.0,0.0,0.0,0.0,0.0,0.0,0.0,0.0,0.0,0.0,0.0,0.0,0.0,0.0,0.0,0.0,0.0,0.0,0.0,0.0
instance_internetarchive__openlibrary-25858f9f0c165df25742acf8309ce909773f0cdd-v13642507b4fc1f8d234172bf8129942da2c2ca26,openlibrary,0.3333333333333333,0.0,0.0,0.0,0.0,0.0,0.3333333333333333,0.0,0.0,0.3333333333333333,0.0,0.0,0.0,0.0,0.0,0.0,0.0,0.0,0.0,0.0,0.0,0.0,0.0,0.0,0.0,0.0,0.0,0.0,0.0,0.0,0.0,0.0,0.0,0.0,0.0,0.0,0.0,0.0,0.0,0.0,0.0,0.0,0.0,-8.0,0.0,0.0,-4.0,0.0,0.0,0.0,0.0,-1.0,0.0,0.0,0.0,0.0,0.0,0.0,0.0,0.0,-12.0,0.0,0.0,0.0,0.0,0.0,-12.0,0.0,0.0,0.0,-4.0,0.0,0.0,0.0,0.0,0.0,-4.0,0.0,0.0,-4.0,0.0,0.0,0.0,0.0,0.0,0.0,0.0,0.0,0.0,0.0,0.0,0.0,0.0,0.0,0.0,0.0,-180.0,0.0,0.0,-39.0,0.0,0.0,-123.0,0.0,0.0,-41.0,0.0,0.0,-103.0,0.0,0.0,-19.0,0.0,0.0,0.0,0.0,0.0,0.0,0.0,-50.0,0.0,0.0,-3.0,0.0,0.0,0.0,-97.0,0.0,0.0,-37.0,0.0,0.0,-78.0,0.0,0.0,0.0,0.0,-0.32978723404255317,0.0,0.0,-0.32978723404255317,0.0,0.0,-0.3829787234042553,0.0,0.0,-0.3829787234042553,0.0,0.0,-0.1276595744680851,0.0,0.0,0.0,0.0,0.0,0.0,0.0,0.0,0.0,0.0,0.0,0.0,0.0,0.0,0.0,0.0,0.0,0.0,0.0,0.0,-11.0,0.0,0.0,0.0,0.0,0.0,0.0,0.0033333333333333335,0.0,0.0,-31.0,0.0,0.0,-31.0,0.0,0.0,-36.0,0.0,0.0,-36.0,0.0,0.0,-12.0,0.0,0.0,0.0,0.0,0.0,0.0,0.0,0.0,0.0,0.0,0.0,0.0,0.0,0.0,0.0,0.0,0.0,0.0,0.0,0.0,0.0,0.0,0.0,0.0,0.0,0.0,0.0,0.0,0.0,0.0,0.0,0.0,0.0,0.0,0.0,0.0,0.0,0.0,0.0,0.0,0.0,0.0,0.0,0.0,0.0,0.0,0.0,0.0,0.0,0.0,0.0,0.0,0.0,0.0,0.0,0.0,0.0,0.0,0.0,0.0,0.0,0.0,0.0,0.0,0.0,0.0,0.0,0.0,0.0,0.0,0.0,0.0,0.0,0.0,0.0,0.0,0.0,0.0,0.0,0.0,0.0,0.0,0.0,0.0,0.0,0.0,0.0,0.0,0.0,0.0,0.0,0.0,0.0,0.0,0.0,0.0,0.0,0.0,0.0,0.0,0.0,0.0,0.0,0.0,0.0,0.0,0.0,0.0,0.0,0.0,0.0,0.0,0.0,0.0,0.0,0.0,0.0,0.0,0.0,0.0,0.0,0.0,0.0,0.0,0.0,0.0,0.0,0.0,0.0,0.0,0.0,0.0,0.0,0.0,0.0,0.0,0.0,0.0,0.0,0.0,0.0,0.0,0.0,0.0,0.0,0.0,0.0,0.0,0.0,0.0,0.0,0.0,0.0,0.0,0.0,0.0,0.0,0.0,0.0,0.0,0.0,0.0,0.0,0.0,0.0,0.0,0.0,0.0,0.0,0.0,0.0,0.0,0.0,0.0,0.0,0.0,0.0,0.0,0.0,0.0,0.0,0.0,0.0,0.0,0.0,0.0,0.0,0.0,0.0,0.0,0.0,0.0,0.0,0.0,0.0,0.0,0.0
instance_ansible__ansible-12734fa21c08a0ce8c84e533abdc560db2eb1955-v7eee2454f617569fd6889f2211f75bc02a35f9f8,ansible,1.0,0.0,0.0,0.0,0.0,0.0,0.5,0.0,0.0,0.0,0.0,0.0,0.0,0.0,0.0,0.0,0.0,0.0,0.0,0.0,0.0,0.0,0.0,0.0,0.0,0.0,0.0,0.0,0.0,0.0,0.0,0.0,0.0,0.0,0.0,0.0,0.0,0.0,0.0,0.0,0.0,0.0,0.0,0.0,0.0,0.0,0.0,0.0,0.0,0.0,0.0,0.0,0.0,0.0,0.0,0.0,0.0,0.0,0.0,0.0,1.0,0.0,0.0,0.0,0.0,0.0,1.0,0.0,0.0,0.0,0.0,0.0,0.0,0.0,0.0,0.0,0.0,0.0,0.0,0.0,0.0,0.0,0.0,0.0,0.0,0.0,0.0,0.0,0.0,0.0,0.0,0.0,0.0,0.0,0.0,0.0,19.0,0.0,0.0,3.0,0.0,0.0,13.0,0.0,0.0,4.0,0.0,0.0,11.0,0.0,0.0,3.0,0.0,0.0,0.0,0.0,0.0,0.0,0.0,3.0,0.0,0.0,0.0,0.0,0.0,0.0,10.0,0.0,0.0,2.0,0.0,0.0,8.0,0.0,0.0,0.0,0.0,0.07692307692307693,0.0,0.0,0.07692307692307693,0.0,0.0,0.07692307692307693,0.0,0.0,0.07692307692307693,0.0,0.0,0.02564102564102564,0.0,0.0,0.0,0.0,0.0,0.0,0.0,0.0,0.0,0.0,0.0,0.0,0.0,0.0,0.0,0.0,0.0,0.0,0.0,0.0,2.0,0.0,0.0,0.0,0.0,0.0,0.0,0.0,0.0,0.0,3.0,0.0,0.0,3.0,0.0,0.0,3.0,0.0,0.0,3.0,0.0,0.0,1.0,0.0,0.0,0.5,0.0,0.0,0.0,0.0,0.0,0.5,0.0,0.0,0.0,0.0,0.0,0.0,0.0,0.0,0.0,0.0,0.0,0.0,0.0,0.0,0.0,0.0,0.0,0.0,0.0,0.0,0.0,0.0,0.0,0.0,0.0,0.0,0.0,0.0,0.0,0.0,0.0,0.0,0.0,0.0,0.0,0.0,0.0,0.0,0.0,0.0,0.0,0.0,0.0,0.0,0.0,0.0,0.0,0.0,0.0,0.0,0.0,0.0,0.0,1.0,0.0,0.0,0.0,0.0,0.0,1.0,0.0,0.0,0.0,0.0,0.0,0.0,0.0,0.0,0.0,0.0,0.0,0.0,0.0,0.0,0.0,0.0,0.0,0.0,0.0,0.0,0.0,0.0,0.0,0.0,0.0,0.0,0.0,0.0,0.0,24.0,0.0,0.0,4.0,0.0,0.0,16.0,0.0,0.0,6.0,0.0,0.0,12.0,0.0,0.0,4.0,0.0,0.0,0.0,0.0,0.0,0.0,0.0,5.0,0.0,0.0,0.0,0.0,0.0,0.0,16.0,0.0,0.0,4.0,0.0,0.0,12.0,0.0,0.0,0.0,0.0,0.1282051282051282,0.0,0.0,0.1282051282051282,0.0,0.0,0.1282051282051282,0.0,0.0,0.1282051282051282,0.0,0.0,0.1282051282051282,0.0,0.0,0.0,0.0,0.0,0.0,0.0,0.0,0.0,0.0,0.0,0.0,0.0,0.0,0.0,0.0,0.0,0.0,0.0,0.0,4.0,0.0,0.0,0.0,0.0,0.0,0.0,0.005,0.0,0.0,5.0,0.0,0.0,5.0,0.0,0.0,5.0,0.0,0.0,5.0,0.0,0.0,5.0,0.0,0.0
instance_internetarchive__openlibrary-7bf3238533070f2d24bafbb26eedf675d51941f6-v08d8e8889ec945ab821fb156c04c7d2e2810debb,openlibrary,-0.3333333333333333,0.0,0.0,0.0,0.0,0.0,-0.3333333333333333,0.0,0.0,-0.16666666666666666,0.0,0.0,0.0,0.0,0.0,0.0,0.0,0.0,0.0,0.0,0.0,0.0,0.0,0.0,0.0,0.0,0.0,0.0,0.0,0.0,0.0,0.0,0.0,0.0,0.0,0.0,0.0,0.0,0.0,0.0,2.0,0.0,0.0,11.0,0.0,0.0,8.0,0.0,0.0,0.0,0.0,2.0,0.0,0.0,0.0,0.0,0.0,0.0,0.0,0.0,5.0,0.0,0.0,0.0,0.0,0.0,5.0,0.0,0.0,0.0,4.0,0.0,0.0,1.0,0.0,0.0,5.0,0.0,0.0,10.0,0.0,0.0,0.0,0.0,0.0,0.0,0.0,0.0,0.0,0.0,0.0,0.0,0.0,0.0,0.0,0.0,67.0,0.0,0.0,9.0,0.0,0.0,58.0,0.0,0.0,16.0,0.0,0.0,47.0,0.0,0.0,0.0,0.0,0.0,0.0,0.0,0.0,0.0,0.0,5.0,0.0,0.0,0.0,0.0,0.0,0.0,34.0,0.0,0.0,15.0,0.0,0.0,24.0,0.0,0.0,0.0,0.0,0.02702702702702703,0.0,0.0,0.02702702702702703,0.0,0.0,0.032432432432432434,0.0,0.0,0.032432432432432434,0.0,0.0,0.02702702702702703,0.0,0.0,0.0,0.0,0.0,0.0,1.0,0.0,0.0,1.0,0.0,0.0,0.0,0.0,0.0,0.0,1.0,0.0,0.0,0.0,0.0,0.0,0.0,0.0,0.0,0.0,0.0,-0.006666666666666633,0.0,0.0,5.0,0.0,0.0,5.0,0.0,0.0,6.0,0.0,0.0,6.0,0.0,0.0,5.0,0.0,0.0,0.0,0.0,0.0,0.0,0.0,0.0,-0.25,0.0,0.0,0.25,0.0,0.0,0.0,0.0,0.0,0.0,0.0,0.0,0.0,0.0,0.0,0.0,0.0,0.0,0.0,0.0,0.0,0.0,0.0,0.0,0.0,0.0,0.0,0.0,0.0,0.0,0.0,0.0,0.0,0.0,2.0,0.0,0.0,1.0,0.0,0.0,1.0,0.0,0.0,0.0,0.0,1.0,0.0,0.0,0.0,0.0,0.0,0.0,0.0,0.0,2.0,0.0,0.0,0.0,0.0,0.0,2.0,0.0,0.0,0.0,1.0,0.0,0.0,0.0,0.0,0.0,1.0,0.0,0.0,4.0,0.0,0.0,0.0,0.0,0.0,0.0,0.0,0.0,0.0,0.0,0.0,0.0,0.0,0.0,0.0,0.0,37.0,0.0,0.0,7.0,0.0,0.0,23.0,0.0,0.0,5.0,0.0,0.0,20.0,0.0,0.0,7.0,0.0,0.0,0.0,0.0,0.0,0.0,0.0,6.0,0.0,0.0,0.0,0.0,0.0,0.0,23.0,0.0,0.0,5.0,0.0,0.0,20.0,0.0,0.0,0.0,0.0,0.0423728813559322,0.0,0.0,0.0423728813559322,0.0,0.0,0.05084745762711865,0.0,0.0,0.05084745762711865,0.0,0.0,0.03389830508474576,1.0,0.0,0.0,1.0,0.0,0.0,2.0,0.0,0.0,2.0,0.0,0.0,2.0,0.0,0.0,0.0,1.0,0.0,0.0,0.0,1.0,0.0,0.0,0.0,0.0,0.0,0.0,0.002499999999999975,0.0,0.0,5.0,0.0,0.0,5.0,0.0,0.0,6.0,0.0,0.0,6.0,0.0,0.0,4.0,0.0,0.0
instance_internetarchive__openlibrary-00bec1e7c8f3272c469a58e1377df03f955ed478-v13642507b4fc1f8d234172bf8129942da2c2ca26,openlibrary,3.0,0.0,0.0,0.5,0.0,0.0,2.5,0.0,0.0,0.5,0.0,0.0,0.0,0.0,0.0,0.0,0.0,0.0,0.0,0.0,0.0,0.0,0.0,0.0,0.5,0.0,0.0,0.0,0.0,0.0,0.0,0.0,0.0,0.0,0.0,0.0,0.0,0.0,0.0,0.0,1.0,0.0,0.0,3.0,0.0,0.0,1.0,0.0,0.0,0.0,0.0,1.0,0.0,0.0,0.0,0.0,0.0,0.0,0.0,0.0,1.0,0.0,0.0,0.0,0.0,0.0,1.0,0.0,0.0,0.0,1.0,0.0,0.0,0.0,0.0,0.0,1.0,0.0,0.0,84.0,0.0,0.0,0.0,0.0,0.0,0.0,0.0,0.0,0.0,0.0,0.0,0.0,0.0,0.0,0.0,0.0,49.0,0.0,0.0,13.0,0.0,0.0,23.0,0.0,0.0,8.0,0.0,0.0,20.0,0.0,0.0,13.0,0.0,0.0,0.0,0.0,0.0,0.0,0.0,4.0,0.0,0.0,1.0,0.0,0.0,0.0,20.0,0.0,0.0,7.0,0.0,0.0,18.0,0.0,0.0,0.0,0.0,0.125,0.0,0.0,0.125,0.0,0.0,0.125,0.0,0.0,0.125,0.0,0.0,0.125,2.0,0.0,0.0,2.0,0.0,0.0,2.0,0.0,0.0,2.0,0.0,0.0,3.0,0.0,0.0,0.0,5.0,0.0,0.0,0.0,1.0,0.0,0.0,0.0,0.0,0.0,0.0,0.10999999999999995,0.0,0.0,4.0,0.0,0.0,4.0,0.0,0.0,4.0,0.0,0.0,4.0,0.0,0.0,4.0,0.0,0.0,1.0,0.0,0.0,-2.0,0.0,0.0,2.0,0.0,0.0,1.0,0.0,0.0,0.0,0.0,0.0,0.0,0.0,0.0,1.0,0.0,0.0,1.0,0.0,0.0,1.0,0.0,0.0,0.0,0.0,0.0,0.0,0.0,0.0,0.0,0.0,0.0,0.0,0.0,0.0,0.0,1.0,0.0,0.0,2.0,0.0,0.0,1.0,0.0,0.0,0.0,0.0,1.0,0.0,0.0,0.0,0.0,0.0,0.0,0.0,0.0,1.0,0.0,0.0,0.0,0.0,0.0,1.0,0.0,0.0,0.0,1.0,0.0,0.0,0.0,0.0,0.0,1.0,0.0,0.0,84.0,0.0,0.0,0.0,0.0,0.0,0.0,0.0,0.0,0.0,0.0,0.0,0.0,0.0,0.0,0.0,0.0,24.0,0.0,0.0,1.0,0.0,0.0,18.0,0.0,0.0,9.0,0.0,0.0,14.0,0.0,0.0,5.0,0.0,0.0,0.0,0.0,0.0,0.0,0.0,4.0,0.0,0.0,0.0,0.0,0.0,0.0,17.0,0.0,0.0,8.0,0.0,0.0,14.0,0.0,0.0,0.0,0.0,2.0,0.0,0.0,2.0,0.0,0.0,2.5,0.0,0.0,2.5,0.0,0.0,2.5,1.0,0.0,0.0,1.0,0.0,0.0,2.0,0.0,0.0,2.0,0.0,0.0,2.0,0.0,0.0,0.0,5.0,0.0,0.0,0.0,3.0,0.0,0.0,0.0,0.0,0.0,0.0,0.0699999999999999,0.0,0.0,4.0,0.0,0.0,4.0,0.0,0.0,5.0,0.0,0.0,5.0,0.0,0.0,5.0,0.0,0.0
instance_ansible__ansible-1a4644ff15355fd696ac5b9d074a566a80fe7ca3-v30a923fb5c164d6cd18280c02422f75e611e8fb2,ansible,-4.0,0.0,0.0,-1.0,0.0,0.0,-3.0,0.0,0.0,-1.0,0.0,0.0,-1.0,0.0,0.0,-1.0,0.0,0.0,-1.0,0.0,0.0,-1.0,0.0,0.0,0.0,0.0,0.0,0.0,0.0,0.0,0.0,0.0,0.0,0.0,0.0,0.0,0.0,0.0,0.0,0.0,0.0,0.0,0.0,0.0,0.0,0.0,0.0,0.0,0.0,0.0,0.0,0.0,0.0,0.0,0.0,0.0,0.0,0.0,0.0,0.0,0.0,0.0,0.0,0.0,0.0,0.0,0.0,0.0,0.0,0.0,0.0,0.0,0.0,-22.0,0.0,0.0,0.0,0.0,0.0,0.0,0.0,0.0,0.0,0.0,0.0,0.0,0.0,0.0,0.0,0.0,0.0,0.0,0.0,0.0,0.0,0.0,-49.0,0.0,0.0,-7.0,0.0,0.0,-39.0,0.0,0.0,-29.0,0.0,0.0,-38.0,0.0,0.0,-5.0,0.0,0.0,0.0,0.0,0.0,0.0,0.0,-1428.0,0.0,0.0,-2.0,0.0,0.0,0.0,-43.0,0.0,0.0,-29.0,0.0,0.0,-42.0,0.0,0.0,0.0,0.0,-0.7272727272727273,0.0,0.0,-0.7272727272727273,0.0,0.0,-0.9090909090909091,0.0,0.0,-0.9090909090909091,0.0,0.0,0.0,-4.0,0.0,0.0,-4.0,0.0,0.0,-4.0,0.0,0.0,-4.0,0.0,0.0,0.0,0.0,0.0,0.0,2.0,0.0,0.0,0.0,-1.0,0.0,0.0,0.0,0.0,0.0,0.0,0.0,0.0,0.0,-8.0,0.0,0.0,-8.0,0.0,0.0,-10.0,0.0,0.0,-10.0,0.0,0.0,0.0,0.0,0.0,-2.0,0.0,0.0,0.0,0.0,0.0,-1.0,0.0,0.0,0.0,0.0,0.0,-1.0,0.0,0.0,-1.0,0.0,0.0,0.0,0.0,0.0,0.0,0.0,0.0,0.0,0.0,0.0,0.0,0.0,0.0,0.0,0.0,0.0,0.0,0.0,0.0,0.0,0.0,0.0,0.0,0.0,0.0,0.0,0.0,0.0,0.0,0.0,0.0,0.0,0.0,0.0,0.0,0.0,0.0,0.0,0.0,0.0,0.0,0.0,0.0,0.0,0.0,0.0,0.0,0.0,0.0,0.0,0.0,0.0,0.0,0.0,0.0,0.0,0.0,0.0,0.0,0.0,0.0,0.0,0.0,0.0,0.0,0.0,0.0,0.0,0.0,0.0,0.0,0.0,0.0,0.0,0.0,0.0,0.0,0.0,0.0,-18.0,0.0,0.0,-4.0,0.0,0.0,-14.0,0.0,0.0,-7.0,0.0,0.0,-14.0,0.0,0.0,0.0,0.0,0.0,0.0,0.0,0.0,0.0,0.0,-1344.0,0.0,0.0,-1.0,0.0,0.0,0.0,-15.0,0.0,0.0,-7.0,0.0,0.0,-15.0,0.0,0.0,0.0,0.0,-0.45454545454545453,0.0,0.0,-0.45454545454545453,0.0,0.0,-0.6363636363636364,0.0,0.0,-0.6363636363636364,0.0,0.0,0.0,-4.0,0.0,0.0,-4.0,0.0,0.0,-4.0,0.0,0.0,-4.0,0.0,0.0,0.0,0.0,0.0,0.0,2.0,0.0,0.0,0.0,-1.0,0.0,0.0,0.0,0.0,0.0,0.0,0.0,0.0,0.0,-5.0,0.0,0.0,-5.0,0.0,0.0,-7.0,0.0,0.0,-7.0,0.0,0.0,0.0,0.0,0.0
instance_qutebrowser__qutebrowser-996487c43e4fcc265b541f9eca1e7930e3c5cf05-v2ef375ac784985212b1805e1d0431dc8f1b3c171,qutebrowser,0.0,0.0,0.0,0.0,0.0,0.0,0.0,0.0,0.0,0.0,0.0,0.0,0.0,0.0,0.0,0.0,0.0,0.0,0.0,0.0,0.0,0.0,0.0,0.0,0.0,0.0,0.0,0.0,0.0,0.0,0.0,0.0,0.0,0.0,0.0,0.0,0.0,0.0,0.0,0.0,0.0,0.0,0.0,-1.0,0.0,0.0,0.0,0.0,0.0,0.0,0.0,0.0,0.0,0.0,0.0,0.0,0.0,0.0,0.0,0.0,0.0,0.0,0.0,0.0,0.0,0.0,0.0,0.0,0.0,0.0,-1.0,0.0,0.0,1.0,0.0,0.0,-1.0,0.0,0.0,-6.0,0.0,0.0,0.0,0.0,0.0,0.0,0.0,0.0,0.0,0.0,0.0,0.0,0.0,0.0,0.0,0.0,3.0,0.0,0.0,1.0,0.0,0.0,2.0,0.0,0.0,2.0,0.0,0.0,1.0,0.0,0.0,0.0,0.0,0.0,0.0,0.0,0.0,0.0,0.0,0.0,0.0,0.0,0.0,0.0,0.0,0.0,2.0,0.0,0.0,1.0,0.0,0.0,2.0,0.0,0.0,0.0,0.0,0.0,0.0,0.0,0.0,0.0,0.0,0.0,0.0,0.0,0.0,0.0,0.0,0.0,0.0,0.0,0.0,0.0,0.0,0.0,0.0,0.0,0.0,0.0,0.0,0.0,0.0,0.0,0.0,0.0,0.0,0.0,0.0,0.0,0.0,0.0,0.0,0.0,0.0,0.0,0.0,0.0,0.0,0.0,0.0,0.0,0.0,0.0,0.0,0.0,0.0,0.0,0.0,0.0,0.0,0.0,0.0,0.0,0.0,0.0,0.0,0.0,0.0,0.0,0.0,0.0,0.0,0.0,0.0,0.0,0.0,0.0,0.0,0.0,0.0,0.0,0.0,0.0,0.0,0.0,0.0,0.0,0.0,0.0,0.0,0.0,0.0,0.0,0.0,0.0,0.0,0.0,0.0,0.0,0.0,0.0,0.0,0.0,0.0,0.0,0.0,0.0,1.0,0.0,0.0,0.0,0.0,0.0,0.0,0.0,0.0,0.0,0.0,0.0,0.0,0.0,0.0,0.0,0.0,1.0,0.0,0.0,0.0,0.0,0.0,1.0,0.0,0.0,0.0,1.0,0.0,0.0,1.0,0.0,0.0,1.0,0.0,0.0,1.0,0.0,0.0,0.0,0.0,0.0,0.0,0.0,0.0,0.0,0.0,0.0,0.0,0.0,0.0,0.0,0.0,24.0,0.0,0.0,5.0,0.0,0.0,12.0,0.0,0.0,5.0,0.0,0.0,10.0,0.0,0.0,7.0,0.0,0.0,0.0,0.0,0.0,0.0,0.0,3.0,0.0,0.0,0.0,0.0,0.0,0.0,11.0,0.0,0.0,3.0,0.0,0.0,10.0,0.0,0.0,0.0,0.0,0.023255813953488372,0.0,0.0,0.023255813953488372,0.0,0.0,0.023255813953488372,0.0,0.0,0.023255813953488372,0.0,0.0,0.023255813953488372,0.0,0.0,0.0,0.0,0.0,0.0,0.0,0.0,0.0,0.0,0.0,0.0,0.0,0.0,0.0,0.0,0.0,0.0,0.0,0.0,1.0,0.0,0.0,0.0,0.0,0.0,0.0,0.0,0.0,0.0,3.0,0.0,0.0,3.0,0.0,0.0,3.0,0.0,0.0,3.0,0.0,0.0,3.0,0.0,0.0
instance_internetarchive__openlibrary-fdbc0d8f418333c7e575c40b661b582c301ef7ac-v13642507b4fc1f8d234172bf8129942da2c2ca26,openlibrary,0.0,0.0,0.0,0.0,0.0,0.0,-0.5,0.0,0.0,0.0,0.0,0.0,0.0,0.0,0.0,0.0,0.0,0.0,0.0,0.0,0.0,0.0,0.0,0.0,0.0,0.0,0.0,0.0,0.0,0.0,0.0,0.0,0.0,0.0,0.0,0.0,0.0,0.0,0.0,0.0,0.0,0.0,0.0,4.0,0.0,0.0,4.0,0.0,0.0,0.0,0.0,0.0,0.0,0.0,0.0,0.0,0.0,0.0,0.0,0.0,-1.0,0.0,0.0,0.0,0.0,0.0,-1.0,0.0,0.0,0.0,0.0,0.0,0.0,0.0,0.0,0.0,0.0,0.0,0.0,0.0,0.0,0.0,0.0,0.0,0.0,0.0,0.0,0.0,0.0,0.0,0.0,0.0,0.0,0.0,0.0,0.0,-13.0,0.0,0.0,-3.0,0.0,0.0,-9.0,0.0,0.0,-1.0,0.0,0.0,-10.0,0.0,0.0,-3.0,0.0,0.0,0.0,0.0,0.0,0.0,0.0,104.0,0.0,0.0,-2.0,0.0,0.0,0.0,-12.0,0.0,0.0,-2.0,0.0,0.0,-11.0,0.0,0.0,0.0,0.0,-0.018779342723004695,0.0,0.0,-0.018779342723004695,0.0,0.0,-0.018779342723004695,0.0,0.0,-0.018779342723004695,0.0,0.0,-0.004694835680751174,0.0,0.0,0.0,0.0,0.0,0.0,0.0,0.0,0.0,0.0,0.0,0.0,0.0,0.0,0.0,0.0,0.0,0.0,0.0,0.0,-1.0,0.0,0.0,0.0,0.0,0.0,0.0,0.0,0.0,0.0,-4.0,0.0,0.0,-4.0,0.0,0.0,-4.0,0.0,0.0,-4.0,0.0,0.0,-1.0,0.0,0.0,1.0,0.0,0.0,0.0,0.0,0.0,0.0,0.0,0.0,0.0,0.0,0.0,0.0,0.0,0.0,0.0,0.0,0.0,0.0,0.0,0.0,0.0,0.0,0.0,0.0,0.0,0.0,0.0,0.0,0.0,0.0,0.0,0.0,0.0,0.0,0.0,0.0,0.0,0.0,0.0,0.0,0.0,0.0,0.0,0.0,0.0,0.0,0.0,0.0,0.0,0.0,0.0,0.0,0.0,0.0,0.0,0.0,0.0,0.0,0.0,0.0,0.0,0.0,0.0,0.0,0.0,0.0,0.0,0.0,0.0,0.0,0.0,0.0,0.0,0.0,0.0,0.0,0.0,0.0,0.0,0.0,0.0,0.0,0.0,0.0,0.0,0.0,0.0,0.0,0.0,0.0,0.0,0.0,0.0,0.0,0.0,10.0,0.0,0.0,0.0,0.0,0.0,9.0,0.0,0.0,2.0,0.0,0.0,9.0,0.0,0.0,1.0,0.0,0.0,0.0,0.0,0.0,0.0,0.0,396.0,0.0,0.0,1.0,0.0,0.0,0.0,9.0,0.0,0.0,2.0,0.0,0.0,9.0,0.0,0.0,0.0,0.0,0.1,0.0,0.0,0.1,0.0,0.0,0.15,0.0,0.0,0.15,0.0,0.0,0.0,0.0,0.0,0.0,0.0,0.0,0.0,0.0,0.0,0.0,0.0,0.0,0.0,0.0,0.0,0.0,0.0,0.0,0.0,0.0,0.0,0.0,0.0,0.0,0.0,0.0,0.0,0.0,-0.01,0.0,0.0,4.0,0.0,0.0,4.0,0.0,0.0,6.0,0.0,0.0,6.0,0.0,0.0,0.0,0.0,0.0
instance_qutebrowser__qutebrowser-54bcdc1eefa86cc20790973d6997b60c3bba884c-v2ef375ac784985212b1805e1d0431dc8f1b3c171,qutebrowser,1.0,0.0,0.0,0.0,0.0,0.0,0.0,0.0,0.0,0.0,0.0,0.0,0.0,0.0,0.0,0.0,0.0,0.0,0.0,0.0,0.0,0.0,0.0,0.0,0.0,0.0,0.0,0.0,0.0,0.0,0.0,0.0,0.0,0.0,0.0,0.0,0.0,0.0,0.0,0.0,0.0,0.0,0.0,0.0,0.0,0.0,0.0,0.0,0.0,0.0,0.0,0.0,0.0,0.0,0.0,0.0,0.0,0.0,0.0,0.0,1.0,0.0,0.0,0.0,0.0,0.0,1.0,0.0,0.0,0.0,0.0,0.0,0.0,0.0,0.0,0.0,0.0,0.0,0.0,0.0,0.0,0.0,0.0,0.0,0.0,0.0,0.0,0.0,0.0,0.0,0.0,0.0,0.0,0.0,0.0,0.0,24.0,0.0,0.0,3.0,0.0,0.0,14.0,0.0,0.0,6.0,0.0,0.0,9.0,0.0,0.0,10.0,0.0,0.0,0.0,0.0,0.0,0.0,0.0,5.0,0.0,0.0,1.0,0.0,0.0,0.0,9.0,0.0,0.0,2.0,0.0,0.0,8.0,0.0,0.0,0.0,0.0,0.125,0.0,0.0,0.125,0.0,0.0,0.125,0.0,0.0,0.125,0.0,0.0,0.025,0.0,0.0,0.0,0.0,0.0,0.0,0.0,0.0,0.0,0.0,0.0,0.0,0.0,0.0,0.0,0.0,0.0,0.0,0.0,0.0,3.0,0.0,0.0,0.0,0.0,0.0,0.0,0.0,0.0,0.0,5.0,0.0,0.0,5.0,0.0,0.0,5.0,0.0,0.0,5.0,0.0,0.0,1.0,0.0,0.0,1.0,0.0,0.0,0.0,0.0,0.0,0.0,0.0,0.0,0.0,0.0,0.0,0.0,0.0,0.0,0.0,0.0,0.0,0.0,0.0,0.0,0.0,0.0,0.0,0.0,0.0,0.0,0.0,0.0,0.0,0.0,0.0,0.0,0.0,0.0,0.0,0.0,0.0,0.0,0.0,0.0,0.0,0.0,0.0,0.0,0.0,0.0,0.0,0.0,0.0,0.0,0.0,0.0,0.0,0.0,0.0,0.0,0.0,0.0,0.0,1.0,0.0,0.0,0.0,0.0,0.0,1.0,0.0,0.0,0.0,0.0,0.0,0.0,0.0,0.0,0.0,0.0,0.0,0.0,0.0,0.0,0.0,0.0,0.0,0.0,0.0,0.0,0.0,0.0,0.0,0.0,0.0,0.0,0.0,0.0,0.0,35.0,0.0,0.0,3.0,0.0,0.0,17.0,0.0,0.0,4.0,0.0,0.0,16.0,0.0,0.0,15.0,0.0,0.0,0.0,0.0,0.0,0.0,0.0,9.0,0.0,0.0,1.0,0.0,0.0,0.0,16.0,0.0,0.0,4.0,0.0,0.0,15.0,0.0,0.0,0.0,0.0,0.2,0.0,0.0,0.2,0.0,0.0,0.225,0.0,0.0,0.225,0.0,0.0,0.025,0.0,0.0,0.0,0.0,0.0,0.0,0.0,0.0,0.0,0.0,0.0,0.0,0.0,0.0,0.0,0.0,0.0,0.0,0.0,0.0,3.0,0.0,0.0,0.0,0.0,0.0,0.0,0.01,0.0,0.0,8.0,0.0,0.0,8.0,0.0,0.0,9.0,0.0,0.0,9.0,0.0,0.0,1.0,0.0,0.0
instance_internetarchive__openlibrary-7cbfb812ef0e1f9716e2d6e85d538a96fcb79d13-vfa6ff903cb27f336e17654595dd900fa943dcd91,openlibrary,23.0,0.0,0.0,1.0,0.0,0.0,4.0,0.0,0.0,4.0,0.0,0.0,0.0,0.0,0.0,0.0,0.0,0.0,0.5,0.0,0.0,0.5,0.0,0.0,0.0,0.0,0.0,0.0,0.0,0.0,0.0,0.0,0.0,0.0,0.0,0.0,0.0,0.0,0.0,0.0,1.0,0.0,0.0,3.0,0.0,0.0,1.0,0.0,0.0,0.0,0.0,1.0,0.0,0.0,0.0,0.0,0.0,0.0,0.0,0.0,7.0,0.0,0.0,0.0,0.0,0.0,7.0,0.0,0.0,0.0,1.0,0.0,0.0,0.0,0.0,0.0,5.0,0.0,0.0,5.0,0.0,0.0,0.0,0.0,0.0,0.0,0.0,0.0,0.0,0.0,0.0,0.0,0.0,0.0,0.0,0.0,426.0,0.0,0.0,41.0,0.0,0.0,334.0,0.0,0.0,43.0,0.0,0.0,320.0,0.0,0.0,51.0,0.0,0.0,0.0,0.0,0.0,0.0,0.0,20.0,0.0,0.0,2.0,0.0,0.0,0.0,61.0,0.0,0.0,38.0,0.0,0.0,51.0,0.0,0.0,0.0,0.0,0.3469387755102041,0.0,0.0,0.3469387755102041,0.0,0.0,0.3673469387755102,0.0,0.0,0.3673469387755102,0.0,0.0,0.10204081632653061,3.0,0.0,0.0,3.0,0.0,0.0,3.0,0.0,0.0,3.0,0.0,0.0,0.0,0.0,0.0,0.0,1.0,0.0,0.0,0.0,8.0,0.0,0.0,0.0,0.0,0.0,0.0,0.01000000000000005,0.0,0.0,17.0,0.0,0.0,17.0,0.0,0.0,18.0,0.0,0.0,18.0,0.0,0.0,5.0,0.0,0.0,3.0,0.0,0.0,0.0,0.0,0.0,1.0,0.0,0.0,3.0,0.0,0.0,1.0,0.0,0.0,1.0,0.0,0.0,1.0,0.0,0.0,1.0,0.0,0.0,0.0,0.0,0.0,0.0,0.0,0.0,0.0,0.0,0.0,0.0,0.0,0.0,0.0,0.0,0.0,0.0,0.0,0.0,0.0,0.0,0.0,0.0,0.0,0.0,0.0,0.0,0.0,0.0,0.0,0.0,0.0,0.0,0.0,0.0,0.0,0.0,1.0,0.0,0.0,0.0,0.0,0.0,1.0,0.0,0.0,0.0,0.0,0.0,0.0,0.0,0.0,0.0,0.0,0.0,0.0,0.0,0.0,0.0,0.0,0.0,0.0,0.0,0.0,0.0,0.0,0.0,0.0,0.0,0.0,0.0,0.0,0.0,22.0,0.0,0.0,5.0,0.0,0.0,8.0,0.0,0.0,5.0,0.0,0.0,7.0,0.0,0.0,9.0,0.0,0.0,0.0,0.0,0.0,0.0,0.0,3.0,0.0,0.0,0.0,0.0,0.0,0.0,8.0,0.0,0.0,5.0,0.0,0.0,7.0,0.0,0.0,0.0,0.0,1.0,0.0,0.0,1.0,0.0,0.0,1.3333333333333333,0.0,0.0,1.3333333333333333,0.0,0.0,0.3333333333333333,2.0,0.0,0.0,2.0,0.0,0.0,3.0,0.0,0.0,3.0,0.0,0.0,0.0,0.0,0.0,0.0,0.0,0.0,0.0,0.0,2.0,0.0,0.0,0.0,0.0,0.0,0.0,0.33,0.0,0.0,3.0,0.0,0.0,3.0,0.0,0.0,4.0,0.0,0.0,4.0,0.0,0.0,1.0,0.0,0.0
instance_ansible__ansible-d9f1866249756efc264b00ff7497e92c11a9885f-v0f01c69f1e2528b935359cfe578530722bca2c59,ansible,0.0,0.0,0.0,0.0,0.0,0.0,0.0,0.0,0.0,0.0,0.0,0.0,0.0,0.0,0.0,0.0,0.0,0.0,0.0,0.0,0.0,0.0,0.0,0.0,0.0,0.0,0.0,0.0,0.0,0.0,0.0,0.0,0.0,0.0,0.0,0.0,0.0,0.0,0.0,0.0,0.0,0.0,0.0,0.0,0.0,0.0,0.0,0.0,0.0,0.0,0.0,0.0,0.0,0.0,0.0,0.0,0.0,0.0,0.0,0.0,0.0,0.0,0.0,0.0,0.0,0.0,0.0,0.0,0.0,0.0,0.0,0.0,0.0,0.0,0.0,0.0,0.0,0.0,0.0,0.0,0.0,0.0,0.0,0.0,0.0,0.0,0.0,0.0,0.0,0.0,0.0,0.0,0.0,0.0,0.0,0.0,1.0,0.0,0.0,0.0,0.0,0.0,0.0,0.0,0.0,0.0,0.0,0.0,0.0,0.0,0.0,1.0,0.0,0.0,0.0,0.0,0.0,0.0,0.0,0.0,0.0,0.0,0.0,0.0,0.0,0.0,0.0,0.0,0.0,0.0,0.0,0.0,0.0,0.0,0.0,0.0,0.0,0.0,0.0,0.0,0.0,0.0,0.0,0.0,0.0,0.0,0.0,0.0,0.0,0.0,0.0,0.0,0.0,0.0,0.0,0.0,0.0,0.0,0.0,0.0,0.0,0.0,0.0,0.0,0.0,0.0,0.0,0.0,0.0,0.0,0.0,0.0,0.0,0.0,0.0,0.0,0.0,0.0,0.0,0.0,0.0,0.0,0.0,0.0,0.0,0.0,0.0,0.0,0.0,0.0,0.0,0.0,0.0,0.0,0.0,0.0,0.0,0.0,0.0,0.0,0.0,0.0,0.0,0.0,0.0,0.0,0.0,0.0,0.0,0.0,0.0,0.0,0.0,0.0,0.0,0.0,0.0,0.0,0.0,0.0,0.0,0.0,0.0,0.0,0.0,0.0,0.0,0.0,0.0,0.0,0.0,0.0,0.0,0.0,0.0,0.0,0.0,0.0,0.0,0.0,0.0,0.0,0.0,0.0,0.0,0.0,0.0,0.0,0.0,0.0,0.0,0.0,0.0,0.0,0.0,0.0,0.0,0.0,0.0,0.0,0.0,0.0,0.0,0.0,0.0,0.0,0.0,0.0,0.0,0.0,0.0,0.0,0.0,0.0,0.0,0.0,0.0,0.0,0.0,0.0,0.0,0.0,0.0,0.0,0.0,0.0,0.0,0.0,0.0,0.0,0.0,0.0,0.0,0.0,0.0,0.0,0.0,0.0,0.0,0.0,0.0,0.0,0.0,0.0,0.0,0.0,0.0,0.0,0.0,0.0,0.0,0.0,0.0,0.0,0.0,0.0,0.0,0.0,0.0,0.0,0.0,0.0,0.0,0.0,0.0,0.0,0.0,0.0,0.0,0.0,0.0,0.0,0.0,0.0,0.0,0.0,0.0,0.0,0.0,0.0,0.0,0.0,0.0,0.0,0.0,0.0,0.0,0.0,0.0,0.0,0.0,0.0,0.0,0.0,0.0,0.0,0.0,0.0,0.0,0.0,0.0,0.0,0.0,0.0,0.0,0.0,0.0,0.0,0.0,0.0,0.0,0.0,0.0,0.0,0.0,0.0,0.0,0.0,0.0,0.0,0.0,0.0,0.0,0.0,0.0,0.0,0.0,0.0,0.0,0.0
instance_ansible__ansible-5f4e332e3762999d94af27746db29ff1729252c1-v0f01c69f1e2528b935359cfe578530722bca2c59,ansible,0.0,0.0,0.0,0.0,0.0,0.0,0.0,0.0,0.0,0.0,0.0,0.0,0.0,0.0,0.0,0.0,0.0,0.0,1.0,0.0,0.0,1.0,0.0,0.0,0.0,0.0,0.0,0.0,0.0,0.0,0.0,0.0,0.0,0.0,0.0,0.0,0.0,0.0,0.0,0.0,0.0,0.0,0.0,0.0,0.0,0.0,0.0,0.0,0.0,0.0,0.0,0.0,0.0,0.0,0.0,0.0,0.0,0.0,0.0,0.0,0.0,0.0,0.0,0.0,0.0,0.0,0.0,0.0,0.0,0.0,0.0,0.0,0.0,0.0,0.0,0.0,0.0,0.0,0.0,0.0,0.0,0.0,0.0,0.0,0.0,0.0,0.0,0.0,0.0,0.0,0.0,0.0,0.0,0.0,0.0,0.0,10.0,0.0,0.0,2.0,0.0,0.0,7.0,0.0,0.0,1.0,0.0,0.0,7.0,0.0,0.0,0.0,0.0,0.0,0.0,0.0,0.0,0.0,0.0,7805952.0,0.0,0.0,0.0,0.0,0.0,0.0,5.0,0.0,0.0,1.0,0.0,0.0,5.0,0.0,0.0,0.0,0.0,0.043478260869565216,0.0,0.0,0.043478260869565216,0.0,0.0,0.13043478260869565,0.0,0.0,0.13043478260869565,0.0,0.0,0.391304347826087,1.0,0.0,0.0,1.0,0.0,0.0,1.0,0.0,0.0,1.0,0.0,0.0,9.0,0.0,0.0,0.0,0.0,0.0,0.0,0.0,0.0,0.0,0.0,0.0,0.0,0.0,0.0,-0.01,0.0,0.0,1.0,0.0,0.0,1.0,0.0,0.0,3.0,0.0,0.0,3.0,0.0,0.0,9.0,0.0,0.0,0.0,0.0,0.0,0.0,0.0,0.0,0.0,0.0,0.0,0.0,0.0,0.0,0.0,0.0,0.0,0.0,0.0,0.0,1.0,0.0,0.0,1.0,0.0,0.0,0.0,0.0,0.0,0.0,0.0,0.0,0.0,0.0,0.0,0.0,0.0,0.0,0.0,0.0,0.0,0.0,0.0,0.0,0.0,0.0,0.0,0.0,0.0,0.0,0.0,0.0,0.0,0.0,0.0,0.0,0.0,0.0,0.0,0.0,0.0,0.0,0.0,0.0,0.0,0.0,0.0,0.0,0.0,0.0,0.0,0.0,0.0,0.0,0.0,0.0,0.0,0.0,0.0,0.0,0.0,0.0,0.0,0.0,0.0,0.0,0.0,0.0,0.0,0.0,0.0,0.0,0.0,0.0,0.0,0.0,0.0,0.0,1.0,0.0,0.0,0.0,0.0,0.0,0.0,0.0,0.0,0.0,0.0,0.0,0.0,0.0,0.0,1.0,0.0,0.0,0.0,0.0,0.0,0.0,0.0,0.0,0.0,0.0,0.0,0.0,0.0,0.0,0.0,0.0,0.0,0.0,0.0,0.0,0.0,0.0,0.0,0.0,0.0,0.08695652173913043,0.0,0.0,0.08695652173913043,0.0,0.0,0.17391304347826086,0.0,0.0,0.17391304347826086,0.0,0.0,0.0,2.0,0.0,0.0,2.0,0.0,0.0,2.0,0.0,0.0,2.0,0.0,0.0,0.0,0.0,0.0,0.0,0.0,0.0,0.0,0.0,0.0,0.0,0.0,0.0,0.0,0.0,0.0,0.0,0.0,0.0,2.0,0.0,0.0,2.0,0.0,0.0,4.0,0.0,0.0,4.0,0.0,0.0,0.0,0.0,0.0
instance_internetarchive__openlibrary-7f6b722a10f822171501d027cad60afe53337732-ve8c8d62a2b60610a3c4631f5f23ed866bada9818,openlibrary,-1.2,0.0,0.0,0.0,0.0,0.0,-0.4,0.0,0.0,-0.2,0.0,0.0,-0.2,0.0,0.0,-0.2,0.0,0.0,-0.2,0.0,0.0,-0.2,0.0,0.0,-0.2,0.0,0.0,0.0,0.0,0.0,0.0,0.0,0.0,0.0,0.0,0.0,0.0,0.0,0.0,0.0,0.0,0.0,0.0,0.0,0.0,0.0,0.0,0.0,0.0,0.0,0.0,0.0,0.0,0.0,0.0,0.0,0.0,0.0,0.0,0.0,-17.0,0.0,0.0,0.0,0.0,0.0,-17.0,0.0,0.0,0.0,0.0,0.0,0.0,0.0,0.0,0.0,0.0,0.0,0.0,0.0,0.0,0.0,0.0,0.0,0.0,0.0,0.0,0.0,0.0,0.0,0.0,0.0,0.0,0.0,0.0,0.0,-642.0,0.0,0.0,-55.0,0.0,0.0,-483.0,0.0,0.0,-98.0,0.0,0.0,-444.0,0.0,0.0,-105.0,0.0,0.0,0.0,0.0,0.0,0.0,0.0,-49047820.0,0.0,0.0,-14.0,0.0,0.0,0.0,-236.0,0.0,0.0,-83.0,0.0,0.0,-213.0,0.0,0.0,0.0,0.0,-0.8425925925925926,0.0,0.0,-0.8425925925925926,0.0,0.0,-1.0092592592592593,0.0,0.0,-1.0092592592592593,0.0,0.0,-0.3611111111111111,0.0,0.0,0.0,0.0,0.0,0.0,0.0,0.0,0.0,0.0,0.0,0.0,0.0,0.0,0.0,0.0,0.0,0.0,0.0,0.0,-28.0,0.0,0.0,0.0,0.0,0.0,0.0,2.0816681711721685e-17,0.0,0.0,-91.0,0.0,0.0,-91.0,0.0,0.0,-109.0,0.0,0.0,-109.0,0.0,0.0,-39.0,0.0,0.0,0.0,0.0,0.0,0.0,0.0,0.0,0.0,0.0,0.0,0.0,0.0,0.0,0.0,0.0,0.0,0.0,0.0,0.0,0.0,0.0,0.0,0.0,0.0,0.0,0.0,0.0,0.0,0.0,0.0,0.0,0.0,0.0,0.0,0.0,0.0,0.0,0.0,0.0,0.0,0.0,0.0,0.0,0.0,0.0,0.0,0.0,0.0,0.0,0.0,0.0,0.0,0.0,0.0,0.0,0.0,0.0,0.0,0.0,0.0,0.0,0.0,0.0,0.0,0.0,0.0,0.0,0.0,0.0,0.0,0.0,0.0,0.0,0.0,0.0,0.0,0.0,0.0,0.0,0.0,0.0,0.0,0.0,0.0,0.0,0.0,0.0,0.0,0.0,0.0,0.0,0.0,0.0,0.0,0.0,0.0,0.0,0.0,0.0,0.0,0.0,0.0,0.0,0.0,0.0,0.0,0.0,0.0,0.0,0.0,0.0,0.0,0.0,0.0,0.0,0.0,0.0,0.0,0.0,0.0,0.0,0.0,0.0,0.0,0.0,0.0,0.0,0.0,0.0,0.0,0.0,0.0,0.0,0.0,0.0,0.0,0.0,0.0,0.0,0.0,0.0,0.0,0.0,0.0,0.0,0.0,0.0,0.0,0.0,0.0,0.0,0.0,0.0,0.0,0.0,0.0,0.0,0.0,0.0,0.0,0.0,0.0,0.0,0.0,0.0,0.0,0.0,0.0,0.0,0.0,0.0,0.0,0.0,0.0,0.0,0.0,0.0,0.0,0.0,0.0,0.0,0.0,0.0,0.0,0.0,0.0,0.0,0.0,0.0,0.0,0.0,0.0,0.0,0.0,0.0,0.0
instance_qutebrowser__qutebrowser-50efac08f623644a85441bbe02ab9347d2b71a9d-v9f8e9d96c85c85a605e382f1510bd08563afc566,qutebrowser,0.0,0.0,0.0,0.0,0.0,0.0,0.0,0.0,0.0,0.0,0.0,0.0,0.0,0.0,0.0,0.0,0.0,0.0,0.0,0.0,0.0,0.0,0.0,0.0,0.0,0.0,0.0,0.0,0.0,0.0,0.0,0.0,0.0,0.0,0.0,0.0,0.0,0.0,0.0,0.0,0.0,0.0,0.0,1.0,0.0,0.0,0.0,0.0,0.0,0.0,0.0,0.0,0.0,0.0,0.0,0.0,0.0,0.0,0.0,0.0,1.0,0.0,0.0,0.0,0.0,0.0,1.0,0.0,0.0,0.0,1.0,0.0,0.0,0.0,0.0,0.0,1.0,0.0,0.0,1.0,0.0,0.0,0.0,0.0,0.0,0.0,0.0,0.0,0.0,0.0,0.0,0.0,0.0,0.0,0.0,0.0,36.0,0.0,0.0,9.0,0.0,0.0,17.0,0.0,0.0,4.0,0.0,0.0,16.0,0.0,0.0,11.0,0.0,0.0,0.0,0.0,0.0,0.0,0.0,5.0,0.0,0.0,0.0,0.0,0.0,0.0,10.0,0.0,0.0,4.0,0.0,0.0,9.0,0.0,0.0,0.0,0.0,0.4,0.0,0.0,0.4,0.0,0.0,0.4,0.0,0.0,0.4,0.0,0.0,0.4,0.0,0.0,0.0,0.0,0.0,0.0,1.0,0.0,0.0,1.0,0.0,0.0,1.0,0.0,0.0,0.0,0.0,0.0,0.0,0.0,2.0,0.0,0.0,0.0,0.0,0.0,0.0,-0.01,0.0,0.0,4.0,0.0,0.0,4.0,0.0,0.0,4.0,0.0,0.0,4.0,0.0,0.0,4.0,0.0,0.0,1.0,0.0,0.0,0.0,0.0,0.0,0.0,0.0,0.0,0.0,0.0,0.0,0.0,0.0,0.0,0.0,0.0,0.0,0.0,0.0,0.0,0.0,0.0,0.0,0.0,0.0,0.0,0.0,0.0,0.0,0.0,0.0,0.0,0.0,0.0,0.0,0.0,0.0,0.0,0.0,0.0,0.0,0.0,0.0,0.0,0.0,0.0,0.0,0.0,0.0,0.0,0.0,0.0,0.0,0.0,0.0,0.0,0.0,0.0,0.0,0.0,0.0,0.0,0.0,0.0,0.0,0.0,0.0,0.0,0.0,0.0,0.0,0.0,0.0,0.0,0.0,0.0,0.0,0.0,0.0,0.0,0.0,0.0,0.0,0.0,0.0,0.0,0.0,0.0,0.0,0.0,0.0,0.0,0.0,0.0,0.0,8.0,0.0,0.0,0.0,0.0,0.0,5.0,0.0,0.0,1.0,0.0,0.0,5.0,0.0,0.0,3.0,0.0,0.0,0.0,0.0,0.0,0.0,0.0,16.0,0.0,0.0,0.0,0.0,0.0,0.0,3.0,0.0,0.0,1.0,0.0,0.0,3.0,0.0,0.0,0.0,0.0,0.1111111111111111,0.0,0.0,0.1111111111111111,0.0,0.0,0.2222222222222222,0.0,0.0,0.2222222222222222,0.0,0.0,0.0,1.0,0.0,0.0,1.0,0.0,0.0,2.0,0.0,0.0,2.0,0.0,0.0,0.0,0.0,0.0,0.0,0.0,0.0,0.0,0.0,0.0,0.0,0.0,0.0,0.0,0.0,0.0,-0.01,0.0,0.0,1.0,0.0,0.0,1.0,0.0,0.0,2.0,0.0,0.0,2.0,0.0,0.0,0.0,0.0,0.0
instance_qutebrowser__qutebrowser-cc360cd4a34a126274c7b51f3b63afbaf3e05a02-v5fc38aaf22415ab0b70567368332beee7955b367,qutebrowser,0.5,0.0,0.0,0.0,0.0,0.0,0.0,0.0,0.0,0.0,0.0,0.0,0.0,0.0,0.0,0.0,0.0,0.0,0.0,0.0,0.0,0.0,0.0,0.0,0.0,0.0,0.0,0.0,0.0,0.0,0.0,0.0,0.0,0.0,0.0,0.0,0.0,0.0,0.0,0.0,0.0,0.0,0.0,0.0,0.0,0.0,0.0,0.0,0.0,0.0,0.0,0.0,0.0,0.0,0.0,0.0,0.0,0.0,0.0,0.0,0.0,0.0,0.0,0.0,0.0,0.0,0.0,0.0,0.0,0.0,0.0,0.0,0.0,0.0,0.0,0.0,0.0,0.0,0.0,0.0,0.0,0.0,0.0,0.0,0.0,0.0,0.0,0.0,0.0,0.0,0.0,0.0,0.0,0.0,0.0,0.0,12.0,0.0,0.0,2.0,0.0,0.0,9.0,0.0,0.0,4.0,0.0,0.0,9.0,0.0,0.0,1.0,0.0,0.0,0.0,0.0,0.0,0.0,0.0,0.0,0.0,0.0,0.0,0.0,0.0,0.0,2.0,0.0,0.0,3.0,0.0,0.0,2.0,0.0,0.0,0.0,0.0,0.0,0.0,0.0,0.0,0.0,0.0,0.0,0.0,0.0,0.0,0.0,0.0,0.0392156862745098,0.0,0.0,0.0,0.0,0.0,0.0,0.0,0.0,0.0,0.0,0.0,0.0,0.0,0.0,0.0,0.0,0.0,0.0,0.0,0.0,0.0,0.0,0.0,0.0,0.0,0.0,0.0,-0.005,0.0,0.0,0.0,0.0,0.0,0.0,0.0,0.0,0.0,0.0,0.0,0.0,0.0,0.0,2.0,0.0,0.0,1.0,0.0,0.0,0.0,0.0,0.0,0.0,0.0,0.0,0.0,0.0,0.0,0.0,0.0,0.0,0.0,0.0,0.0,1.0,0.0,0.0,1.0,0.0,0.0,0.0,0.0,0.0,0.0,0.0,0.0,0.0,0.0,0.0,0.0,0.0,0.0,0.0,0.0,0.0,0.0,0.0,0.0,0.0,0.0,0.0,0.0,0.0,0.0,0.0,0.0,0.0,0.0,0.0,0.0,0.0,0.0,0.0,0.0,0.0,0.0,0.0,0.0,0.0,0.0,0.0,0.0,0.0,0.0,0.0,0.0,0.0,0.0,0.0,0.0,0.0,0.0,0.0,0.0,0.0,0.0,0.0,0.0,0.0,0.0,0.0,0.0,0.0,0.0,0.0,0.0,0.0,0.0,0.0,0.0,0.0,0.0,35.0,0.0,0.0,9.0,0.0,0.0,12.0,0.0,0.0,1.0,0.0,0.0,12.0,0.0,0.0,14.0,0.0,0.0,0.0,0.0,0.0,0.0,0.0,39.0,0.0,0.0,2.0,0.0,0.0,0.0,10.0,0.0,0.0,1.0,0.0,0.0,10.0,0.0,0.0,0.0,0.0,0.08333333333333333,0.0,0.0,0.08333333333333333,0.0,0.0,0.08333333333333333,0.0,0.0,0.08333333333333333,0.0,0.0,0.2222222222222222,0.0,0.0,0.0,0.0,0.0,0.0,0.0,0.0,0.0,0.0,0.0,0.0,4.0,0.0,0.0,0.0,0.0,0.0,0.0,0.0,1.0,0.0,0.0,0.0,0.0,0.0,0.0,0.0199999999999999,0.0,0.0,3.0,0.0,0.0,3.0,0.0,0.0,3.0,0.0,0.0,3.0,0.0,0.0,8.0,0.0,0.0
instance_ansible__ansible-489156378c8e97374a75a544c7c9c2c0dd8146d1-v390e508d27db7a51eece36bb6d9698b63a5b638a,ansible,-0.5,0.0,0.0,0.0,0.0,0.0,0.5,0.0,0.0,0.0,0.0,0.0,0.0,0.0,0.0,0.0,0.0,0.0,-0.5,0.0,0.0,-0.5,0.0,0.0,0.0,0.0,0.0,0.0,0.0,0.0,0.0,0.0,0.0,0.0,0.0,0.0,0.0,0.0,0.0,0.0,3.0,0.0,0.0,0.0,0.0,0.0,0.0,0.0,0.0,0.0,0.0,3.0,0.0,0.0,0.0,0.0,0.0,0.0,0.0,0.0,6.0,0.0,0.0,0.0,0.0,0.0,5.0,0.0,0.0,0.0,3.0,0.0,0.0,3.0,0.0,0.0,3.0,0.0,0.0,33.0,0.0,0.0,0.0,0.0,0.0,0.0,0.0,0.0,0.0,0.0,0.0,0.0,0.0,0.0,0.0,0.0,78.0,0.0,0.0,11.0,0.0,0.0,66.0,0.0,0.0,17.0,0.0,0.0,56.0,0.0,0.0,2.0,0.0,0.0,0.0,0.0,0.0,0.0,0.0,19.0,0.0,0.0,1.0,0.0,0.0,0.0,47.0,0.0,0.0,15.0,0.0,0.0,38.0,0.0,0.0,0.0,0.0,0.64,0.0,0.0,0.64,0.0,0.0,0.64,0.0,0.0,0.64,0.0,0.0,0.6,0.0,0.0,0.0,0.0,0.0,0.0,0.0,0.0,0.0,0.0,0.0,0.0,0.0,0.0,0.0,0.0,3.0,0.0,0.0,0.0,3.0,0.0,0.0,0.0,0.0,0.0,0.0,-0.02499999999999995,0.0,0.0,17.0,0.0,0.0,17.0,0.0,0.0,17.0,0.0,0.0,17.0,0.0,0.0,16.0,0.0,0.0,1.0,0.0,0.0,0.0,0.0,0.0,0.0,0.0,0.0,1.0,0.0,0.0,1.0,0.0,0.0,1.0,0.0,0.0,0.0,0.0,0.0,0.0,0.0,0.0,0.0,0.0,0.0,0.0,0.0,0.0,0.0,0.0,0.0,0.0,0.0,0.0,0.0,0.0,0.0,0.0,3.0,0.0,0.0,3.0,0.0,0.0,3.0,0.0,0.0,0.0,0.0,3.0,0.0,0.0,0.0,0.0,0.0,0.0,0.0,0.0,0.0,0.0,0.0,0.0,0.0,0.0,0.0,0.0,0.0,0.0,0.0,0.0,0.0,0.0,0.0,0.0,0.0,0.0,0.0,30.0,0.0,0.0,0.0,0.0,0.0,0.0,0.0,0.0,0.0,0.0,0.0,0.0,0.0,0.0,0.0,0.0,32.0,0.0,0.0,5.0,0.0,0.0,14.0,0.0,0.0,4.0,0.0,0.0,11.0,0.0,0.0,13.0,0.0,0.0,0.0,0.0,0.0,0.0,0.0,8.0,0.0,0.0,0.0,0.0,0.0,0.0,12.0,0.0,0.0,4.0,0.0,0.0,9.0,0.0,0.0,0.0,0.0,0.14285714285714285,0.0,0.0,0.14285714285714285,0.0,0.0,0.14285714285714285,0.0,0.0,0.14285714285714285,0.0,0.0,0.2857142857142857,0.0,0.0,0.0,0.0,0.0,0.0,0.0,0.0,0.0,0.0,0.0,0.0,0.0,0.0,0.0,0.0,3.0,0.0,0.0,0.0,1.0,0.0,0.0,0.0,0.0,0.0,0.0,0.03,0.0,0.0,3.0,0.0,0.0,3.0,0.0,0.0,3.0,0.0,0.0,3.0,0.0,0.0,6.0,0.0,0.0
instance_qutebrowser__qutebrowser-f91ace96223cac8161c16dd061907e138fe85111-v059c6fdc75567943479b23ebca7c07b5e9a7f34c,qutebrowser,-3.0,0.0,0.0,-0.6666666666666666,0.0,0.0,-3.0,0.0,0.0,-1.6666666666666667,0.0,0.0,0.0,0.0,0.0,0.0,0.0,0.0,-0.3333333333333333,0.0,0.0,-0.3333333333333333,0.0,0.0,0.0,0.0,0.0,0.0,0.0,0.0,0.0,0.0,0.0,0.0,0.0,0.0,0.0,0.0,0.0,0.0,0.0,0.0,0.0,0.0,0.0,0.0,0.0,0.0,0.0,0.0,0.0,0.0,0.0,0.0,0.0,0.0,0.0,0.0,0.0,0.0,0.0,0.0,0.0,0.0,0.0,0.0,0.0,0.0,0.0,0.0,0.0,0.0,0.0,0.0,0.0,0.0,0.0,0.0,0.0,0.0,0.0,0.0,0.0,0.0,0.0,0.0,0.0,0.0,0.0,0.0,0.0,0.0,0.0,0.0,0.0,0.0,0.0,0.0,0.0,0.0,0.0,0.0,0.0,0.0,0.0,0.0,0.0,0.0,0.0,0.0,0.0,0.0,0.0,0.0,0.0,0.0,0.0,0.0,0.0,0.0,0.0,0.0,0.0,0.0,0.0,0.0,0.0,0.0,0.0,0.0,0.0,0.0,0.0,0.0,0.0,0.0,0.0,0.0,0.0,0.0,0.0,0.0,0.0,0.0,0.0,0.0,0.0,0.0,0.0,0.0,0.0,0.0,0.0,0.0,0.0,0.0,0.0,0.0,0.0,0.0,0.0,0.0,0.0,0.0,0.0,0.0,2.0,0.0,0.0,0.0,0.0,0.0,0.0,0.0,0.0,0.0,0.0,-0.006666666666666667,0.0,0.0,0.0,0.0,0.0,0.0,0.0,0.0,0.0,0.0,0.0,0.0,0.0,0.0,0.0,0.0,0.0,-4.5,0.0,0.0,-0.5,0.0,0.0,-5.0,0.0,0.0,-2.0,0.0,0.0,0.0,0.0,0.0,0.0,0.0,0.0,-0.5,0.0,0.0,-0.5,0.0,0.0,0.0,0.0,0.0,0.0,0.0,0.0,0.0,0.0,0.0,0.0,0.0,0.0,0.0,0.0,0.0,0.0,0.0,0.0,0.0,0.0,0.0,0.0,0.0,0.0,0.0,0.0,0.0,0.0,0.0,0.0,0.0,0.0,0.0,0.0,0.0,0.0,0.0,0.0,0.0,0.0,0.0,0.0,0.0,0.0,0.0,0.0,0.0,0.0,0.0,0.0,0.0,0.0,0.0,0.0,0.0,0.0,0.0,0.0,0.0,0.0,0.0,0.0,0.0,0.0,0.0,0.0,0.0,0.0,0.0,0.0,0.0,0.0,19.0,0.0,0.0,6.0,0.0,0.0,4.0,0.0,0.0,4.0,0.0,0.0,1.0,0.0,0.0,9.0,0.0,0.0,0.0,0.0,0.0,0.0,0.0,0.0,0.0,0.0,0.0,0.0,0.0,0.0,4.0,0.0,0.0,4.0,0.0,0.0,1.0,0.0,0.0,0.0,0.0,0.0,0.0,0.0,0.0,0.0,0.0,0.0,0.0,0.0,0.0,0.0,0.0,0.0,0.0,0.0,0.0,0.0,0.0,0.0,0.0,0.0,0.0,0.0,0.0,0.0,0.0,0.0,0.0,0.0,2.0,0.0,0.0,0.0,0.0,0.0,0.0,0.0,0.0,0.0,0.0,0.015,0.0,0.0,0.0,0.0,0.0,0.0,0.0,0.0,0.0,0.0,0.0,0.0,0.0,0.0,0.0,0.0,0.0
instance_internetarchive__openlibrary-f3b26c2c0721f8713353fe4b341230332e30008d-v0f5aece3601a5b4419f7ccec1dbda2071be28ee4,openlibrary,-0.5,0.0,0.0,-0.25,0.0,0.0,-0.5,0.0,0.0,-0.25,0.0,0.0,0.0,0.0,0.0,0.0,0.0,0.0,0.0,0.0,0.0,0.0,0.0,0.0,0.0,0.0,0.0,0.0,0.0,0.0,0.0,0.0,0.0,0.0,0.0,0.0,0.0,0.0,0.0,0.0,0.0,0.0,0.0,2.0,0.0,0.0,0.0,0.0,0.0,0.0,0.0,0.0,0.0,0.0,0.0,0.0,0.0,0.0,0.0,0.0,2.0,0.0,0.0,0.0,0.0,0.0,2.0,0.0,0.0,0.0,2.0,0.0,0.0,0.0,0.0,0.0,2.0,0.0,0.0,2.0,0.0,0.0,0.0,0.0,0.0,0.0,0.0,0.0,0.0,0.0,0.0,0.0,0.0,0.0,0.0,0.0,35.0,0.0,0.0,6.0,0.0,0.0,25.0,0.0,0.0,8.0,0.0,0.0,20.0,0.0,0.0,4.0,0.0,0.0,0.0,0.0,0.0,0.0,0.0,3.0,0.0,0.0,0.0,0.0,0.0,0.0,11.0,0.0,0.0,6.0,0.0,0.0,8.0,0.0,0.0,0.0,0.0,0.06976744186046512,0.0,0.0,0.06976744186046512,0.0,0.0,0.11627906976744186,0.0,0.0,0.11627906976744186,0.0,0.0,0.046511627906976744,22.0,0.0,0.0,22.0,0.0,0.0,23.0,0.0,0.0,23.0,0.0,0.0,10.0,0.0,0.0,0.0,5.0,0.0,0.0,0.0,1.0,0.0,0.0,0.0,0.0,0.0,0.0,-0.009999999999999995,0.0,0.0,3.0,0.0,0.0,3.0,0.0,0.0,5.0,0.0,0.0,5.0,0.0,0.0,2.0,0.0,0.0,0.0,0.0,0.0,-2.0,0.0,0.0,0.0,0.0,0.0,0.0,0.0,0.0,1.0,0.0,0.0,1.0,0.0,0.0,2.0,0.0,0.0,2.0,0.0,0.0,0.0,0.0,0.0,0.0,0.0,0.0,0.0,0.0,0.0,0.0,0.0,0.0,0.0,0.0,0.0,0.0,0.0,0.0,0.0,0.0,0.0,0.0,0.0,0.0,0.0,0.0,0.0,0.0,0.0,0.0,0.0,0.0,0.0,0.0,0.0,0.0,2.0,0.0,0.0,0.0,0.0,0.0,2.0,0.0,0.0,0.0,0.0,0.0,0.0,0.0,0.0,0.0,0.0,0.0,0.0,0.0,0.0,0.0,0.0,0.0,0.0,0.0,0.0,0.0,0.0,0.0,0.0,0.0,0.0,0.0,0.0,0.0,35.0,0.0,0.0,4.0,0.0,0.0,23.0,0.0,0.0,10.0,0.0,0.0,21.0,0.0,0.0,8.0,0.0,0.0,0.0,0.0,0.0,0.0,0.0,11.0,0.0,0.0,1.0,0.0,0.0,0.0,22.0,0.0,0.0,10.0,0.0,0.0,20.0,0.0,0.0,0.0,0.0,1.6,0.0,0.0,1.6,0.0,0.0,2.2,0.0,0.0,2.2,0.0,0.0,0.4,2.0,0.0,0.0,2.0,0.0,0.0,4.0,0.0,0.0,4.0,0.0,0.0,0.0,0.0,0.0,0.0,5.0,0.0,0.0,0.0,5.0,0.0,0.0,0.0,0.0,0.0,0.0,0.0,0.0,0.0,8.0,0.0,0.0,8.0,0.0,0.0,11.0,0.0,0.0,11.0,0.0,0.0,2.0,0.0,0.0
instance_internetarchive__openlibrary-11838fad1028672eb975c79d8984f03348500173-v0f5aece3601a5b4419f7ccec1dbda2071be28ee4,openlibrary,0.0,0.0,0.0,-1.0,0.0,0.0,0.0,0.0,0.0,0.0,0.0,0.0,0.0,0.0,0.0,0.0,0.0,0.0,0.0,0.0,0.0,0.0,0.0,0.0,0.0,0.0,0.0,0.0,0.0,0.0,0.0,0.0,0.0,0.0,0.0,0.0,0.0,0.0,0.0,0.0,0.0,0.0,0.0,0.0,0.0,0.0,0.0,0.0,0.0,0.0,0.0,0.0,0.0,0.0,0.0,0.0,0.0,0.0,0.0,0.0,-1.0,0.0,0.0,0.0,0.0,0.0,-1.0,0.0,0.0,0.0,0.0,0.0,0.0,0.0,0.0,0.0,0.0,0.0,0.0,0.0,0.0,0.0,0.0,0.0,0.0,0.0,0.0,0.0,0.0,0.0,0.0,0.0,0.0,0.0,0.0,0.0,-49.0,0.0,0.0,-6.0,0.0,0.0,-30.0,0.0,0.0,-6.0,0.0,0.0,-29.0,0.0,0.0,-13.0,0.0,0.0,0.0,0.0,0.0,0.0,0.0,-100.0,0.0,0.0,-2.0,0.0,0.0,0.0,-21.0,0.0,0.0,-7.0,0.0,0.0,-20.0,0.0,0.0,0.0,0.0,-0.16216216216216217,0.0,0.0,-0.16216216216216217,0.0,0.0,-0.16216216216216217,0.0,0.0,-0.16216216216216217,0.0,0.0,-0.24324324324324326,0.0,0.0,0.0,0.0,0.0,0.0,0.0,0.0,0.0,0.0,0.0,0.0,-3.0,0.0,0.0,0.0,0.0,0.0,0.0,0.0,-3.0,0.0,0.0,0.0,0.0,0.0,0.0,-0.01,0.0,0.0,-6.0,0.0,0.0,-6.0,0.0,0.0,-6.0,0.0,0.0,-6.0,0.0,0.0,-9.0,0.0,0.0,8.0,0.0,0.0,-1.0,0.0,0.0,-2.0,0.0,0.0,0.0,0.0,0.0,1.0,0.0,0.0,1.0,0.0,0.0,2.0,0.0,0.0,2.0,0.0,0.0,0.0,0.0,0.0,0.0,0.0,0.0,0.0,0.0,0.0,0.0,0.0,0.0,0.0,0.0,0.0,0.0,0.0,0.0,0.0,0.0,0.0,0.0,0.0,0.0,0.0,0.0,0.0,0.0,0.0,0.0,0.0,0.0,0.0,0.0,0.0,0.0,-14.0,0.0,0.0,0.0,0.0,0.0,-14.0,0.0,0.0,0.0,0.0,0.0,0.0,0.0,0.0,0.0,0.0,0.0,0.0,0.0,0.0,0.0,0.0,0.0,0.0,0.0,0.0,0.0,0.0,0.0,0.0,0.0,0.0,0.0,0.0,0.0,-26.0,0.0,0.0,-4.0,0.0,0.0,-13.0,0.0,0.0,-54.0,0.0,0.0,-39.0,0.0,0.0,-8.0,0.0,0.0,0.0,0.0,0.0,0.0,0.0,-1299.0,0.0,0.0,-13.0,0.0,0.0,0.0,-35.0,0.0,0.0,-50.0,0.0,0.0,-21.0,0.0,0.0,0.0,0.0,-2.0,0.0,0.0,-2.0,0.0,0.0,-2.2432432432432434,0.0,0.0,-2.2432432432432434,0.0,0.0,-0.9459459459459459,38.0,0.0,0.0,38.0,0.0,0.0,43.0,0.0,0.0,43.0,0.0,0.0,-4.0,0.0,0.0,0.0,0.0,0.0,0.0,0.0,-23.0,0.0,0.0,0.0,0.0,0.0,0.0,0.0,0.0,0.0,-21.0,0.0,0.0,-21.0,0.0,0.0,-23.0,0.0,0.0,-23.0,0.0,0.0,-35.0,0.0,0.0
instance_ansible__ansible-a6e671db25381ed111bbad0ab3e7d97366395d05-v0f01c69f1e2528b935359cfe578530722bca2c59,ansible,1.0,0.0,0.0,0.0,0.0,0.0,2.0,0.0,0.0,1.0,0.0,0.0,0.0,0.0,0.0,0.0,0.0,0.0,0.0,0.0,0.0,0.0,0.0,0.0,0.0,0.0,0.0,0.0,0.0,0.0,0.0,0.0,0.0,0.0,0.0,0.0,0.0,0.0,0.0,0.0,0.0,0.0,0.0,0.0,0.0,0.0,0.0,0.0,0.0,0.0,0.0,0.0,0.0,0.0,0.0,0.0,0.0,0.0,0.0,0.0,0.0,0.0,0.0,0.0,0.0,0.0,0.0,0.0,0.0,0.0,0.0,0.0,0.0,0.0,0.0,0.0,0.0,0.0,0.0,0.0,0.0,0.0,0.0,0.0,0.0,0.0,0.0,0.0,0.0,0.0,0.0,0.0,0.0,0.0,0.0,0.0,14.0,0.0,0.0,0.0,0.0,0.0,11.0,0.0,0.0,0.0,0.0,0.0,11.0,0.0,0.0,3.0,0.0,0.0,0.0,0.0,0.0,0.0,0.0,0.0,0.0,0.0,0.0,0.0,0.0,0.0,3.0,0.0,0.0,0.0,0.0,0.0,3.0,0.0,0.0,0.0,0.0,0.0,0.0,0.0,0.0,0.0,0.0,0.0,0.0,0.0,0.0,0.0,0.0,0.0,0.0,0.0,0.0,0.0,0.0,0.0,0.0,0.0,0.0,0.0,0.0,0.0,0.0,0.0,0.0,0.0,0.0,0.0,0.0,0.0,0.0,0.0,0.0,0.0,0.0,0.0,0.0,0.0,0.0,0.0,0.0,0.0,0.0,0.0,0.0,0.0,0.0,0.0,0.0,0.0,0.0,0.0,0.0,0.0,0.0,2.0,0.0,0.0,-1.0,0.0,0.0,2.0,0.0,0.0,2.0,0.0,0.0,1.0,0.0,0.0,1.0,0.0,0.0,1.0,0.0,0.0,1.0,0.0,0.0,0.0,0.0,0.0,0.0,0.0,0.0,0.0,0.0,0.0,0.0,0.0,0.0,0.0,0.0,0.0,0.0,0.0,0.0,0.0,1.0,0.0,0.0,0.0,0.0,0.0,0.0,0.0,0.0,0.0,0.0,0.0,0.0,0.0,0.0,0.0,0.0,0.0,0.0,0.0,0.0,0.0,0.0,0.0,0.0,0.0,0.0,0.0,0.0,0.0,0.0,0.0,0.0,0.0,0.0,0.0,0.0,0.0,0.0,0.0,0.0,0.0,0.0,0.0,0.0,0.0,0.0,0.0,0.0,0.0,0.0,0.0,0.0,19.0,0.0,0.0,-3.0,0.0,0.0,11.0,0.0,0.0,1.0,0.0,0.0,11.0,0.0,0.0,11.0,0.0,0.0,0.0,0.0,0.0,0.0,0.0,44.0,0.0,0.0,1.0,0.0,0.0,0.0,11.0,0.0,0.0,1.0,0.0,0.0,11.0,0.0,0.0,0.0,0.0,0.7142857142857143,0.0,0.0,0.7142857142857143,0.0,0.0,0.7142857142857143,0.0,0.0,0.7142857142857143,0.0,0.0,0.0,4.0,0.0,0.0,4.0,0.0,0.0,2.0,0.0,0.0,2.0,0.0,0.0,0.0,0.0,0.0,0.0,0.0,0.0,0.0,0.0,1.0,0.0,0.0,0.0,0.0,0.0,0.0,0.05,0.0,0.0,5.0,0.0,0.0,5.0,0.0,0.0,5.0,0.0,0.0,5.0,0.0,0.0,0.0,0.0,0.0
instance_ansible__ansible-415e08c2970757472314e515cb63a51ad825c45e-v7eee2454f617569fd6889f2211f75bc02a35f9f8,ansible,0.0,0.0,0.0,0.0,0.0,0.0,1.0,0.0,0.0,0.0,0.0,0.0,0.0,0.0,0.0,0.0,0.0,0.0,0.0,0.0,0.0,0.0,0.0,0.0,0.0,0.0,0.0,0.0,0.0,0.0,0.0,0.0,0.0,0.0,0.0,0.0,0.0,0.0,0.0,0.0,0.0,0.0,0.0,1.0,0.0,0.0,0.0,0.0,0.0,0.0,0.0,0.0,0.0,0.0,0.0,0.0,0.0,0.0,0.0,0.0,0.0,0.0,0.0,0.0,0.0,0.0,0.0,0.0,0.0,0.0,0.0,0.0,0.0,0.0,0.0,0.0,0.0,0.0,0.0,0.0,0.0,0.0,0.0,0.0,0.0,0.0,0.0,0.0,0.0,0.0,0.0,0.0,0.0,0.0,0.0,0.0,7.0,0.0,0.0,1.0,0.0,0.0,5.0,0.0,0.0,2.0,0.0,0.0,4.0,0.0,0.0,1.0,0.0,0.0,0.0,0.0,0.0,0.0,0.0,1.0,0.0,0.0,1.0,0.0,0.0,0.0,5.0,0.0,0.0,2.0,0.0,0.0,4.0,0.0,0.0,0.0,0.0,0.013888888888888888,0.0,0.0,0.013888888888888888,0.0,0.0,0.013888888888888888,0.0,0.0,0.013888888888888888,0.0,0.0,0.0,0.0,0.0,0.0,0.0,0.0,0.0,0.0,0.0,0.0,0.0,0.0,0.0,0.0,0.0,0.0,0.0,0.0,0.0,0.0,0.0,1.0,0.0,0.0,0.0,0.0,0.0,0.0,0.0,0.0,0.0,1.0,0.0,0.0,1.0,0.0,0.0,1.0,0.0,0.0,1.0,0.0,0.0,0.0,0.0,0.0,9.333333333333334,0.0,0.0,3.6666666666666665,0.0,0.0,6.333333333333333,0.0,0.0,8.333333333333334,0.0,0.0,1.6666666666666667,0.0,0.0,1.6666666666666667,0.0,0.0,1.6666666666666667,0.0,0.0,1.6666666666666667,0.0,0.0,1.3333333333333333,0.0,0.0,0.0,0.0,0.0,0.0,0.0,0.0,0.0,0.0,0.0,0.0,0.0,0.0,0.0,0.0,0.0,0.0,0.0,0.0,0.0,0.0,0.0,0.0,0.0,0.0,0.0,0.0,0.0,0.0,0.0,0.0,0.0,0.0,0.0,2.0,0.0,0.0,0.0,0.0,0.0,1.0,0.0,0.0,0.0,0.0,0.0,0.0,0.0,0.0,0.0,0.0,0.0,0.0,0.0,0.0,0.0,0.0,0.0,0.0,0.0,0.0,0.0,0.0,0.0,0.0,0.0,0.0,0.0,0.0,0.0,75.0,0.0,0.0,18.0,0.0,0.0,26.0,0.0,0.0,10.0,0.0,0.0,22.0,0.0,0.0,31.0,0.0,0.0,0.0,0.0,0.0,0.0,0.0,97.0,0.0,0.0,3.0,0.0,0.0,0.0,26.0,0.0,0.0,10.0,0.0,0.0,22.0,0.0,0.0,0.0,0.0,0.07964601769911504,0.0,0.0,0.07964601769911504,0.0,0.0,0.07964601769911504,0.0,0.0,0.07964601769911504,0.0,0.0,0.05309734513274336,8.0,0.0,0.0,8.0,0.0,0.0,8.0,0.0,0.0,8.0,0.0,0.0,6.0,0.0,0.0,0.0,0.0,0.0,0.0,0.0,3.0,0.0,0.0,0.0,0.0,0.0,0.0,0.49,0.0,0.0,10.0,0.0,0.0,10.0,0.0,0.0,10.0,0.0,0.0,10.0,0.0,0.0,7.0,0.0,0.0
instance_ansible__ansible-3b823d908e8a5d17674f8c26d337d3114b7493b1-v0f01c69f1e2528b935359cfe578530722bca2c59,ansible,0.16666666666666666,0.0,0.0,0.0,0.0,0.0,0.16666666666666666,0.0,0.0,0.16666666666666666,0.0,0.0,0.0,0.0,0.0,0.0,0.0,0.0,0.0,0.0,0.0,0.0,0.0,0.0,0.0,0.0,0.0,0.0,0.0,0.0,0.0,0.0,0.0,0.0,0.0,0.0,0.0,0.0,0.0,0.0,0.0,0.0,0.0,-2.0,0.0,0.0,0.0,0.0,0.0,0.0,0.0,0.0,0.0,0.0,0.0,0.0,0.0,0.0,0.0,0.0,0.0,0.0,0.0,0.0,0.0,0.0,0.0,0.0,0.0,0.0,0.0,0.0,0.0,0.0,0.0,0.0,0.0,0.0,0.0,124.0,0.0,0.0,0.0,0.0,0.0,0.0,0.0,0.0,0.0,0.0,0.0,0.0,0.0,0.0,0.0,0.0,13.0,0.0,0.0,2.0,0.0,0.0,3.0,0.0,0.0,0.0,0.0,0.0,3.0,0.0,0.0,8.0,0.0,0.0,0.0,0.0,0.0,0.0,0.0,4.0,0.0,0.0,0.0,0.0,0.0,0.0,2.0,0.0,0.0,0.0,0.0,0.0,2.0,0.0,0.0,0.0,0.0,0.02127659574468085,0.0,0.0,0.02127659574468085,0.0,0.0,0.031914893617021274,0.0,0.0,0.031914893617021274,0.0,0.0,0.0,0.0,0.0,0.0,0.0,0.0,0.0,0.0,0.0,0.0,0.0,0.0,0.0,0.0,0.0,0.0,0.0,4.0,0.0,0.0,0.0,1.0,0.0,0.0,0.0,0.0,0.0,0.0,0.0033333333333333166,0.0,0.0,2.0,0.0,0.0,2.0,0.0,0.0,3.0,0.0,0.0,3.0,0.0,0.0,0.0,0.0,0.0,0.3333333333333333,0.0,0.0,0.0,0.0,0.0,0.3333333333333333,0.0,0.0,0.3333333333333333,0.0,0.0,0.0,0.0,0.0,0.0,0.0,0.0,0.0,0.0,0.0,0.0,0.0,0.0,0.0,0.0,0.0,0.0,0.0,0.0,0.0,0.0,0.0,0.0,0.0,0.0,0.0,0.0,0.0,0.0,0.0,0.0,0.0,0.0,0.0,0.0,0.0,0.0,0.0,0.0,0.0,0.0,0.0,0.0,0.0,0.0,0.0,0.0,0.0,0.0,0.0,0.0,0.0,0.0,0.0,0.0,0.0,0.0,0.0,0.0,0.0,0.0,0.0,0.0,0.0,0.0,0.0,0.0,0.0,0.0,0.0,0.0,0.0,0.0,0.0,0.0,0.0,0.0,0.0,0.0,0.0,0.0,0.0,0.0,0.0,0.0,22.0,0.0,0.0,4.0,0.0,0.0,5.0,0.0,0.0,1.0,0.0,0.0,5.0,0.0,0.0,13.0,0.0,0.0,0.0,0.0,0.0,0.0,0.0,8.0,0.0,0.0,0.0,0.0,0.0,0.0,4.0,0.0,0.0,1.0,0.0,0.0,4.0,0.0,0.0,0.0,0.0,0.12,0.0,0.0,0.12,0.0,0.0,0.16,0.0,0.0,0.16,0.0,0.0,0.0,0.0,0.0,0.0,0.0,0.0,0.0,0.0,0.0,0.0,0.0,0.0,0.0,0.0,0.0,0.0,0.0,0.0,0.0,0.0,0.0,1.0,0.0,0.0,0.0,0.0,0.0,0.0,0.0133333333333333,0.0,0.0,3.0,0.0,0.0,3.0,0.0,0.0,4.0,0.0,0.0,4.0,0.0,0.0,0.0,0.0,0.0
instance_qutebrowser__qutebrowser-6dd402c0d0f7665d32a74c43c5b4cf5dc8aff28d-v5fc38aaf22415ab0b70567368332beee7955b367,qutebrowser,0.0,0.0,0.0,0.0,0.0,0.0,0.0,0.0,0.0,0.0,0.0,0.0,0.0,0.0,0.0,0.0,0.0,0.0,0.0,0.0,0.0,0.0,0.0,0.0,0.0,0.0,0.0,0.0,0.0,0.0,0.0,0.0,0.0,0.0,0.0,0.0,0.0,0.0,0.0,0.0,1.0,0.0,0.0,0.0,0.0,0.0,1.0,0.0,0.0,0.0,0.0,1.0,0.0,0.0,0.0,0.0,0.0,0.0,0.0,0.0,1.0,0.0,0.0,0.0,0.0,0.0,1.0,0.0,0.0,0.0,0.0,0.0,0.0,0.0,0.0,0.0,0.0,0.0,0.0,10.0,0.0,0.0,0.0,0.0,0.0,0.0,0.0,0.0,0.0,0.0,0.0,0.0,0.0,0.0,0.0,0.0,32.0,0.0,0.0,11.0,0.0,0.0,12.0,0.0,0.0,6.0,0.0,0.0,8.0,0.0,0.0,9.0,0.0,0.0,0.0,0.0,0.0,0.0,0.0,2.0,0.0,0.0,0.0,0.0,0.0,0.0,10.0,0.0,0.0,4.0,0.0,0.0,7.0,0.0,0.0,0.0,0.0,0.13333333333333333,0.0,0.0,0.13333333333333333,0.0,0.0,0.2,0.0,0.0,0.2,0.0,0.0,-0.06666666666666667,0.0,0.0,0.0,0.0,0.0,0.0,0.0,0.0,0.0,0.0,0.0,0.0,0.0,0.0,0.0,0.0,3.0,0.0,0.0,0.0,2.0,0.0,0.0,0.0,0.0,0.0,0.0,0.0199999999999999,0.0,0.0,2.0,0.0,0.0,2.0,0.0,0.0,3.0,0.0,0.0,3.0,0.0,0.0,-1.0,0.0,0.0,0.0,0.0,0.0,0.0,0.0,0.0,0.0,0.0,0.0,0.0,0.0,0.0,-1.0,0.0,0.0,-1.0,0.0,0.0,0.0,0.0,0.0,0.0,0.0,0.0,-1.0,0.0,0.0,0.0,0.0,0.0,0.0,0.0,0.0,0.0,0.0,0.0,0.0,0.0,0.0,0.0,1.0,0.0,0.0,0.0,0.0,0.0,0.0,0.0,0.0,0.0,0.0,1.0,0.0,0.0,0.0,0.0,0.0,0.0,0.0,0.0,0.0,0.0,0.0,0.0,0.0,0.0,0.0,0.0,0.0,0.0,0.0,0.0,0.0,0.0,0.0,0.0,0.0,0.0,0.0,10.0,0.0,0.0,0.0,0.0,0.0,0.0,0.0,0.0,0.0,0.0,0.0,0.0,0.0,0.0,0.0,0.0,7.0,0.0,0.0,4.0,0.0,0.0,0.0,0.0,0.0,1.0,0.0,0.0,-1.0,0.0,0.0,3.0,0.0,0.0,0.0,0.0,0.0,0.0,0.0,-1.0,0.0,0.0,0.0,0.0,0.0,0.0,0.0,0.0,0.0,1.0,0.0,0.0,-1.0,0.0,0.0,0.0,0.0,-0.07142857142857142,0.0,0.0,-0.07142857142857142,0.0,0.0,-0.07142857142857142,0.0,0.0,-0.07142857142857142,0.0,0.0,-0.2857142857142857,0.0,0.0,0.0,0.0,0.0,0.0,0.0,0.0,0.0,0.0,0.0,0.0,0.0,0.0,0.0,0.0,3.0,0.0,0.0,0.0,-1.0,0.0,0.0,0.0,0.0,0.0,0.0,0.01,0.0,0.0,-1.0,0.0,0.0,-1.0,0.0,0.0,-1.0,0.0,0.0,-1.0,0.0,0.0,-4.0,0.0,0.0
instance_internetarchive__openlibrary-0d13e6b4bf80bced6c0946b969b9a1b6963f6bce-v76304ecdb3a5954fcf13feb710e8c40fcf24b73c,openlibrary,4.0,0.0,0.0,0.0,0.0,0.0,0.0,0.0,0.0,-1.0,0.0,0.0,0.0,0.0,0.0,0.0,0.0,0.0,-1.0,0.0,0.0,-1.0,0.0,0.0,0.0,0.0,0.0,0.0,0.0,0.0,0.0,0.0,0.0,0.0,0.0,0.0,0.0,0.0,0.0,0.0,0.0,0.0,0.0,0.0,0.0,0.0,0.0,0.0,0.0,0.0,0.0,0.0,0.0,0.0,0.0,0.0,0.0,0.0,0.0,0.0,1.0,0.0,0.0,0.0,0.0,0.0,1.0,0.0,0.0,0.0,0.0,0.0,0.0,0.0,0.0,0.0,0.0,0.0,0.0,0.0,0.0,0.0,0.0,0.0,0.0,0.0,0.0,0.0,0.0,0.0,0.0,0.0,0.0,0.0,0.0,0.0,75.0,0.0,0.0,6.0,0.0,0.0,66.0,0.0,0.0,6.0,0.0,0.0,64.0,0.0,0.0,3.0,0.0,0.0,0.0,0.0,0.0,0.0,0.0,3.0,0.0,0.0,0.0,0.0,0.0,0.0,11.0,0.0,0.0,5.0,0.0,0.0,9.0,0.0,0.0,0.0,0.0,0.2727272727272727,0.0,0.0,0.2727272727272727,0.0,0.0,0.2727272727272727,0.0,0.0,0.2727272727272727,0.0,0.0,0.09090909090909091,0.0,0.0,0.0,0.0,0.0,0.0,0.0,0.0,0.0,0.0,0.0,0.0,0.0,0.0,0.0,0.0,0.0,0.0,0.0,0.0,1.0,0.0,0.0,0.0,0.0,0.0,0.0,-0.12,0.0,0.0,3.0,0.0,0.0,3.0,0.0,0.0,3.0,0.0,0.0,3.0,0.0,0.0,1.0,0.0,0.0,1.0,0.0,0.0,0.0,0.0,0.0,1.0,0.0,0.0,0.0,0.0,0.0,0.0,0.0,0.0,0.0,0.0,0.0,0.0,0.0,0.0,0.0,0.0,0.0,0.0,0.0,0.0,0.0,0.0,0.0,0.0,0.0,0.0,0.0,0.0,0.0,0.0,0.0,0.0,0.0,0.0,0.0,0.0,0.0,0.0,0.0,0.0,0.0,0.0,0.0,0.0,0.0,0.0,0.0,0.0,0.0,0.0,0.0,0.0,0.0,1.0,0.0,0.0,0.0,0.0,0.0,1.0,0.0,0.0,0.0,0.0,0.0,0.0,0.0,0.0,0.0,0.0,0.0,0.0,0.0,0.0,0.0,0.0,0.0,0.0,0.0,0.0,0.0,0.0,0.0,0.0,0.0,0.0,0.0,0.0,0.0,34.0,0.0,0.0,6.0,0.0,0.0,20.0,0.0,0.0,8.0,0.0,0.0,19.0,0.0,0.0,8.0,0.0,0.0,0.0,0.0,0.0,0.0,0.0,6.0,0.0,0.0,1.0,0.0,0.0,0.0,19.0,0.0,0.0,8.0,0.0,0.0,18.0,0.0,0.0,0.0,0.0,0.5454545454545454,0.0,0.0,0.5454545454545454,0.0,0.0,0.5454545454545454,0.0,0.0,0.5454545454545454,0.0,0.0,0.45454545454545453,0.0,0.0,0.0,0.0,0.0,0.0,0.0,0.0,0.0,0.0,0.0,0.0,0.0,0.0,0.0,0.0,0.0,0.0,0.0,0.0,3.0,0.0,0.0,0.0,0.0,0.0,0.0,0.0,0.0,0.0,6.0,0.0,0.0,6.0,0.0,0.0,6.0,0.0,0.0,6.0,0.0,0.0,5.0,0.0,0.0
instance_internetarchive__openlibrary-9c392b60e2c6fa1d68cb68084b4b4ff04d0cb35c-v2d9a6c849c60ed19fd0858ce9e40b7cc8e097e59,openlibrary,0.0,0.0,0.0,0.0,0.0,0.0,0.0,0.0,0.0,-0.3333333333333333,0.0,0.0,0.0,0.0,0.0,0.0,0.0,0.0,0.0,0.0,0.0,0.0,0.0,0.0,0.0,0.0,0.0,0.0,0.0,0.0,0.0,0.0,0.0,0.0,0.0,0.0,0.0,0.0,0.0,0.0,0.0,0.0,0.0,12.0,0.0,0.0,0.0,0.0,0.0,0.0,0.0,0.0,0.0,0.0,0.0,0.0,0.0,0.0,0.0,0.0,0.0,0.0,0.0,0.0,0.0,0.0,0.0,0.0,0.0,0.0,0.0,0.0,0.0,1.0,0.0,0.0,0.0,0.0,0.0,0.0,0.0,0.0,0.0,0.0,0.0,0.0,0.0,0.0,0.0,0.0,0.0,0.0,0.0,0.0,0.0,0.0,-8.0,0.0,0.0,-2.0,0.0,0.0,2.0,0.0,0.0,2.0,0.0,0.0,1.0,0.0,0.0,-8.0,0.0,0.0,0.0,0.0,0.0,0.0,0.0,0.0,0.0,0.0,0.0,0.0,0.0,0.0,2.0,0.0,0.0,2.0,0.0,0.0,1.0,0.0,0.0,0.0,0.0,0.0,0.0,0.0,0.0,0.0,0.0,0.0,0.0,0.0,0.0,0.0,0.0,0.0,0.0,0.0,0.0,0.0,0.0,0.0,0.0,0.0,0.0,0.0,0.0,0.0,0.0,0.0,0.0,0.0,0.0,0.0,0.0,0.0,0.0,0.0,0.0,0.0,0.0,0.0,0.0,-0.02,0.0,0.0,0.0,0.0,0.0,0.0,0.0,0.0,0.0,0.0,0.0,0.0,0.0,0.0,0.0,0.0,0.0,0.5,0.0,0.0,0.0,0.0,0.0,0.5,0.0,0.0,0.5,0.0,0.0,0.0,0.0,0.0,0.0,0.0,0.0,0.0,0.0,0.0,0.0,0.0,0.0,0.0,0.0,0.0,0.0,0.0,0.0,0.0,0.0,0.0,0.0,0.0,0.0,0.0,0.0,0.0,0.0,0.0,0.0,0.0,0.0,0.0,0.0,0.0,0.0,0.0,0.0,0.0,0.0,0.0,0.0,0.0,0.0,0.0,0.0,0.0,0.0,2.0,0.0,0.0,0.0,0.0,0.0,2.0,0.0,0.0,0.0,0.0,0.0,0.0,1.0,0.0,0.0,0.0,0.0,0.0,0.0,0.0,0.0,0.0,0.0,0.0,0.0,0.0,0.0,0.0,0.0,0.0,0.0,0.0,0.0,0.0,0.0,30.0,0.0,0.0,5.0,0.0,0.0,13.0,0.0,0.0,3.0,0.0,0.0,11.0,0.0,0.0,12.0,0.0,0.0,0.0,0.0,0.0,0.0,0.0,5.0,0.0,0.0,0.0,0.0,0.0,0.0,13.0,0.0,0.0,3.0,0.0,0.0,11.0,0.0,0.0,0.0,0.0,0.15151515151515152,0.0,0.0,0.15151515151515152,0.0,0.0,0.18181818181818182,0.0,0.0,0.18181818181818182,0.0,0.0,0.06060606060606061,0.0,0.0,0.0,0.0,0.0,0.0,0.0,0.0,0.0,0.0,0.0,0.0,0.0,0.0,0.0,0.0,0.0,0.0,0.0,0.0,3.0,0.0,0.0,0.0,0.0,0.0,0.0,0.045000000000000005,0.0,0.0,5.0,0.0,0.0,5.0,0.0,0.0,6.0,0.0,0.0,6.0,0.0,0.0,2.0,0.0,0.0
instance_qutebrowser__qutebrowser-1943fa072ec3df5a87e18a23b0916f134c131016-vafb3e8e01b31319c66c4e666b8a3b1d8ba55db24,qutebrowser,0.0,0.0,0.0,0.0,0.0,0.0,0.0,0.0,0.0,0.0,0.0,0.0,0.0,0.0,0.0,0.0,0.0,0.0,0.0,0.0,0.0,0.0,0.0,0.0,0.0,0.0,0.0,0.0,0.0,0.0,0.0,0.0,0.0,0.0,0.0,0.0,0.0,0.0,0.0,0.0,0.0,0.0,0.0,-1.0,0.0,0.0,0.0,0.0,0.0,0.0,0.0,0.0,0.0,0.0,0.0,0.0,0.0,0.0,0.0,0.0,1.0,0.0,0.0,0.0,0.0,0.0,1.0,0.0,0.0,0.0,1.0,0.0,0.0,0.0,0.0,0.0,1.0,0.0,0.0,1.0,0.0,0.0,0.0,0.0,0.0,0.0,0.0,0.0,0.0,0.0,0.0,0.0,0.0,0.0,0.0,0.0,1.0,0.0,0.0,1.0,0.0,0.0,3.0,0.0,0.0,0.0,0.0,0.0,4.0,0.0,0.0,-3.0,0.0,0.0,0.0,0.0,0.0,0.0,0.0,1.0,0.0,0.0,0.0,0.0,0.0,0.0,4.0,0.0,0.0,1.0,0.0,0.0,4.0,0.0,0.0,0.0,0.0,0.0029411764705882353,0.0,0.0,0.0029411764705882353,0.0,0.0,0.0029411764705882353,0.0,0.0,0.0029411764705882353,0.0,0.0,0.0029411764705882353,0.0,0.0,0.0,0.0,0.0,0.0,0.0,0.0,0.0,0.0,0.0,0.0,0.0,0.0,0.0,0.0,0.0,0.0,0.0,0.0,0.0,0.0,0.0,0.0,0.0,0.0,0.0,0.0,0.0,0.0,1.0,0.0,0.0,1.0,0.0,0.0,1.0,0.0,0.0,1.0,0.0,0.0,1.0,0.0,0.0,0.0,0.0,0.0,0.0,0.0,0.0,0.0,0.0,0.0,0.0,0.0,0.0,0.0,0.0,0.0,0.0,0.0,0.0,0.0,0.0,0.0,0.0,0.0,0.0,0.0,0.0,0.0,0.0,0.0,0.0,0.0,0.0,0.0,0.0,0.0,0.0,0.0,0.0,0.0,0.0,0.0,0.0,0.0,-1.0,0.0,0.0,0.0,0.0,0.0,0.0,0.0,0.0,0.0,0.0,0.0,0.0,0.0,0.0,0.0,0.0,0.0,0.0,0.0,0.0,0.0,0.0,0.0,0.0,0.0,0.0,0.0,0.0,0.0,0.0,0.0,0.0,0.0,0.0,0.0,0.0,0.0,0.0,0.0,0.0,0.0,0.0,0.0,0.0,0.0,0.0,0.0,0.0,0.0,0.0,0.0,0.0,0.0,0.0,0.0,2.0,0.0,0.0,-2.0,0.0,0.0,-1.0,0.0,0.0,-1.0,0.0,0.0,0.0,0.0,0.0,0.0,0.0,0.0,0.0,0.0,1.0,0.0,0.0,0.0,0.0,0.0,0.0,0.0,0.0,0.0,0.0,0.0,0.0,0.0,0.0,0.0,0.0,0.0,0.0037313432835820895,0.0,0.0,0.0037313432835820895,0.0,0.0,0.0037313432835820895,0.0,0.0,0.0037313432835820895,0.0,0.0,0.0,0.0,0.0,0.0,0.0,0.0,0.0,0.0,0.0,0.0,0.0,0.0,0.0,0.0,0.0,0.0,0.0,0.0,0.0,0.0,0.0,1.0,0.0,0.0,0.0,0.0,0.0,0.0,0.0025,0.0,0.0,1.0,0.0,0.0,1.0,0.0,0.0,1.0,0.0,0.0,1.0,0.0,0.0,0.0,0.0,0.0
instance_ansible__ansible-395e5e20fab9cad517243372fa3c3c5d9e09ab2a-v7eee2454f617569fd6889f2211f75bc02a35f9f8,ansible,-0.3333333333333333,0.0,0.0,0.0,0.0,0.0,-0.3333333333333333,0.0,0.0,0.0,0.0,0.0,0.0,0.0,0.0,0.0,0.0,0.0,0.0,0.0,0.0,0.0,0.0,0.0,0.0,0.0,0.0,0.0,0.0,0.0,0.0,0.0,0.0,0.0,0.0,0.0,0.0,0.0,0.0,0.0,4.0,0.0,0.0,7.0,0.0,0.0,6.0,0.0,0.0,1.0,0.0,3.0,0.0,0.0,0.0,0.0,0.0,0.0,0.0,0.0,1.0,0.0,0.0,0.0,0.0,0.0,1.0,0.0,0.0,0.0,2.0,0.0,0.0,0.0,0.0,0.0,2.0,0.0,0.0,139.0,0.0,0.0,0.0,0.0,0.0,0.0,0.0,0.0,0.0,0.0,0.0,0.0,0.0,0.0,0.0,0.0,31.0,0.0,0.0,9.0,0.0,0.0,13.0,0.0,0.0,4.0,0.0,0.0,7.0,0.0,0.0,9.0,0.0,0.0,0.0,0.0,0.0,0.0,0.0,0.0,0.0,0.0,-1.0,0.0,0.0,0.0,7.0,0.0,0.0,4.0,0.0,0.0,1.0,0.0,0.0,0.0,0.0,0.0,0.0,0.0,0.0,0.0,0.0,0.0,0.0,0.0,0.0,0.0,0.0,0.038461538461538464,0.0,0.0,0.0,0.0,0.0,0.0,0.0,0.0,0.0,0.0,0.0,0.0,0.0,0.0,0.0,0.0,3.0,0.0,0.0,0.0,-2.0,0.0,0.0,0.0,0.0,0.0,0.0,0.0033333333333333335,0.0,0.0,0.0,0.0,0.0,0.0,0.0,0.0,0.0,0.0,0.0,0.0,0.0,0.0,3.0,0.0,0.0,0.0,0.0,0.0,0.0,0.0,0.0,0.0,0.0,0.0,0.0,0.0,0.0,0.0,0.0,0.0,0.0,0.0,0.0,0.0,0.0,0.0,0.0,0.0,0.0,0.0,0.0,0.0,0.0,0.0,0.0,0.0,0.0,0.0,0.0,0.0,0.0,0.0,0.0,0.0,0.0,4.0,0.0,0.0,6.0,0.0,0.0,2.0,0.0,0.0,1.0,0.0,3.0,0.0,0.0,0.0,0.0,0.0,0.0,0.0,0.0,0.0,0.0,0.0,0.0,0.0,0.0,0.0,0.0,0.0,0.0,2.0,0.0,0.0,0.0,0.0,0.0,2.0,0.0,0.0,139.0,0.0,0.0,0.0,0.0,0.0,0.0,0.0,0.0,0.0,0.0,0.0,0.0,0.0,0.0,0.0,0.0,42.0,0.0,0.0,6.0,0.0,0.0,33.0,0.0,0.0,7.0,0.0,0.0,27.0,0.0,0.0,3.0,0.0,0.0,0.0,0.0,0.0,0.0,0.0,3.0,0.0,0.0,0.0,0.0,0.0,0.0,12.0,0.0,0.0,7.0,0.0,0.0,6.0,0.0,0.0,0.0,0.0,0.04,0.0,0.0,0.04,0.0,0.0,0.08,0.0,0.0,0.08,0.0,0.0,0.0,0.0,0.0,0.0,0.0,0.0,0.0,0.0,0.0,0.0,0.0,0.0,0.0,0.0,0.0,0.0,0.0,3.0,0.0,0.0,0.0,0.0,0.0,0.0,0.0,0.0,0.0,0.0,-0.01,0.0,0.0,1.0,0.0,0.0,1.0,0.0,0.0,2.0,0.0,0.0,2.0,0.0,0.0,0.0,0.0,0.0
instance_ansible__ansible-a20a52701402a12f91396549df04ac55809f68e9-v1055803c3a812189a1133297f7f5468579283f86,ansible,0.0,0.0,0.0,0.0,0.0,0.0,1.0,0.0,0.0,0.0,0.0,0.0,0.0,0.0,0.0,0.0,0.0,0.0,0.0,0.0,0.0,0.0,0.0,0.0,0.0,0.0,0.0,0.0,0.0,0.0,0.0,0.0,0.0,0.0,0.0,0.0,0.0,0.0,0.0,0.0,0.0,0.0,0.0,1.0,0.0,0.0,0.0,0.0,0.0,0.0,0.0,0.0,0.0,0.0,0.0,0.0,0.0,0.0,0.0,0.0,0.0,0.0,0.0,0.0,0.0,0.0,0.0,0.0,0.0,0.0,0.0,0.0,0.0,0.0,0.0,0.0,0.0,0.0,0.0,0.0,0.0,0.0,0.0,0.0,0.0,0.0,0.0,0.0,0.0,0.0,0.0,0.0,0.0,0.0,0.0,0.0,14.0,0.0,0.0,3.0,0.0,0.0,10.0,0.0,0.0,1.0,0.0,0.0,10.0,0.0,0.0,1.0,0.0,0.0,0.0,0.0,0.0,0.0,0.0,16.0,0.0,0.0,0.0,0.0,0.0,0.0,9.0,0.0,0.0,1.0,0.0,0.0,9.0,0.0,0.0,0.0,0.0,0.061224489795918366,0.0,0.0,0.061224489795918366,0.0,0.0,0.08163265306122448,0.0,0.0,0.08163265306122448,0.0,0.0,0.061224489795918366,0.0,0.0,0.0,0.0,0.0,0.0,0.0,0.0,0.0,0.0,0.0,0.0,0.0,0.0,0.0,0.0,0.0,0.0,0.0,0.0,1.0,0.0,0.0,0.0,0.0,0.0,0.0,0.0,0.0,0.0,3.0,0.0,0.0,3.0,0.0,0.0,4.0,0.0,0.0,4.0,0.0,0.0,3.0,0.0,0.0,0.0,0.0,0.0,0.0,0.0,0.0,1.0,0.0,0.0,0.0,0.0,0.0,0.0,0.0,0.0,0.0,0.0,0.0,0.0,0.0,0.0,0.0,0.0,0.0,0.0,0.0,0.0,0.0,0.0,0.0,0.0,0.0,0.0,0.0,0.0,0.0,0.0,0.0,0.0,0.0,0.0,0.0,0.0,2.0,0.0,0.0,0.0,0.0,0.0,0.0,0.0,0.0,0.0,0.0,0.0,0.0,0.0,0.0,0.0,0.0,0.0,0.0,0.0,0.0,0.0,0.0,0.0,0.0,0.0,0.0,0.0,0.0,0.0,0.0,0.0,0.0,0.0,0.0,0.0,0.0,0.0,0.0,0.0,0.0,0.0,0.0,0.0,0.0,0.0,0.0,0.0,0.0,0.0,0.0,0.0,0.0,27.0,0.0,0.0,2.0,0.0,0.0,15.0,0.0,0.0,4.0,0.0,0.0,15.0,0.0,0.0,10.0,0.0,0.0,0.0,0.0,0.0,0.0,0.0,32.0,0.0,0.0,1.0,0.0,0.0,0.0,15.0,0.0,0.0,3.0,0.0,0.0,15.0,0.0,0.0,0.0,0.0,0.10204081632653061,0.0,0.0,0.10204081632653061,0.0,0.0,0.12244897959183673,0.0,0.0,0.12244897959183673,0.0,0.0,0.061224489795918366,0.0,0.0,0.0,0.0,0.0,0.0,0.0,0.0,0.0,0.0,0.0,0.0,0.0,0.0,0.0,0.0,0.0,0.0,0.0,0.0,1.0,0.0,0.0,0.0,0.0,0.0,0.0,0.01,0.0,0.0,5.0,0.0,0.0,5.0,0.0,0.0,6.0,0.0,0.0,6.0,0.0,0.0,3.0,0.0,0.0
instance_internetarchive__openlibrary-91efee627df01e32007abf2d6ebf73f9d9053076-vbee42ad1b72fb23c6a1c874868a720b370983ed2,openlibrary,2.0,0.0,0.0,0.0,0.0,0.0,1.0,0.0,0.0,0.0,0.0,0.0,1.0,0.0,0.0,1.0,0.0,0.0,1.0,0.0,0.0,1.0,0.0,0.0,1.0,0.0,0.0,0.0,0.0,0.0,0.0,0.0,0.0,0.0,0.0,0.0,0.0,0.0,0.0,0.0,0.0,0.0,0.0,0.0,0.0,0.0,0.0,0.0,0.0,0.0,0.0,0.0,0.0,0.0,0.0,0.0,0.0,0.0,0.0,0.0,1.0,0.0,0.0,0.0,0.0,0.0,1.0,0.0,0.0,0.0,0.0,0.0,0.0,0.0,0.0,0.0,0.0,0.0,0.0,0.0,0.0,0.0,0.0,0.0,0.0,0.0,0.0,0.0,0.0,0.0,0.0,0.0,0.0,0.0,0.0,0.0,29.0,0.0,0.0,4.0,0.0,0.0,20.0,0.0,0.0,5.0,0.0,0.0,18.0,0.0,0.0,8.0,0.0,0.0,0.0,0.0,0.0,0.0,0.0,6.0,0.0,0.0,1.0,0.0,0.0,0.0,12.0,0.0,0.0,4.0,0.0,0.0,11.0,0.0,0.0,0.0,0.0,0.46153846153846156,0.0,0.0,0.46153846153846156,0.0,0.0,1.4615384615384615,0.0,0.0,1.4615384615384615,0.0,0.0,0.46153846153846156,3.0,0.0,0.0,3.0,0.0,0.0,14.0,0.0,0.0,14.0,0.0,0.0,3.0,0.0,0.0,0.0,0.0,0.0,0.0,0.0,2.0,0.0,0.0,0.0,0.0,0.0,0.0,-0.03,0.0,0.0,6.0,0.0,0.0,6.0,0.0,0.0,19.0,0.0,0.0,19.0,0.0,0.0,6.0,0.0,0.0,1.0,0.0,0.0,-1.0,0.0,0.0,1.0,0.0,0.0,0.0,0.0,0.0,1.0,0.0,0.0,1.0,0.0,0.0,0.0,0.0,0.0,0.0,0.0,0.0,0.0,0.0,0.0,0.0,0.0,0.0,0.0,0.0,0.0,0.0,0.0,0.0,0.0,0.0,0.0,0.0,0.0,0.0,0.0,0.0,0.0,0.0,0.0,0.0,0.0,0.0,0.0,0.0,0.0,0.0,0.0,0.0,0.0,0.0,0.0,0.0,1.0,0.0,0.0,0.0,0.0,0.0,1.0,0.0,0.0,0.0,0.0,0.0,0.0,0.0,0.0,0.0,0.0,0.0,0.0,0.0,0.0,0.0,0.0,0.0,0.0,0.0,0.0,0.0,0.0,0.0,0.0,0.0,0.0,0.0,0.0,0.0,24.0,0.0,0.0,2.0,0.0,0.0,17.0,0.0,0.0,7.0,0.0,0.0,15.0,0.0,0.0,5.0,0.0,0.0,0.0,0.0,0.0,0.0,0.0,8.0,0.0,0.0,1.0,0.0,0.0,0.0,14.0,0.0,0.0,6.0,0.0,0.0,13.0,0.0,0.0,0.0,0.0,0.3076923076923077,0.0,0.0,0.3076923076923077,0.0,0.0,0.38461538461538464,0.0,0.0,0.38461538461538464,0.0,0.0,0.07692307692307693,1.0,0.0,0.0,1.0,0.0,0.0,0.0,0.0,0.0,0.0,0.0,0.0,0.0,0.0,0.0,0.0,0.0,0.0,0.0,0.0,1.0,0.0,0.0,0.0,0.0,0.0,0.0,-0.05,0.0,0.0,4.0,0.0,0.0,4.0,0.0,0.0,5.0,0.0,0.0,5.0,0.0,0.0,1.0,0.0,0.0
instance_qutebrowser__qutebrowser-de4a1c1a2839b5b49c3d4ce21d39de48d24e2091-v2ef375ac784985212b1805e1d0431dc8f1b3c171,qutebrowser,-5.666666666666667,0.0,0.0,-0.3333333333333333,0.0,0.0,-3.6666666666666665,0.0,0.0,-2.3333333333333335,0.0,0.0,-0.6666666666666666,0.0,0.0,-0.6666666666666666,0.0,0.0,-0.6666666666666666,0.0,0.0,-0.6666666666666666,0.0,0.0,0.0,0.0,0.0,0.0,0.0,0.0,0.0,0.0,0.0,0.0,0.0,0.0,0.0,0.0,0.0,0.0,0.0,0.0,0.0,0.0,0.0,0.0,0.0,0.0,0.0,0.0,0.0,0.0,0.0,0.0,0.0,0.0,0.0,0.0,0.0,0.0,-4.0,0.0,0.0,0.0,0.0,0.0,-4.0,0.0,0.0,0.0,0.0,0.0,0.0,0.0,0.0,0.0,0.0,0.0,0.0,0.0,0.0,0.0,0.0,0.0,0.0,0.0,0.0,0.0,0.0,0.0,0.0,0.0,0.0,0.0,0.0,0.0,-248.0,0.0,0.0,-37.0,0.0,0.0,-164.0,0.0,0.0,-24.0,0.0,0.0,-159.0,0.0,0.0,-59.0,0.0,0.0,0.0,0.0,0.0,0.0,0.0,-871.0,0.0,0.0,-7.0,0.0,0.0,0.0,-76.0,0.0,0.0,-24.0,0.0,0.0,-71.0,0.0,0.0,0.0,0.0,-1.03125,0.0,0.0,-1.03125,0.0,0.0,-1.125,0.0,0.0,-1.125,0.0,0.0,-0.21875,0.0,0.0,0.0,0.0,0.0,0.0,0.0,0.0,0.0,0.0,0.0,0.0,0.0,0.0,0.0,0.0,0.0,0.0,0.0,0.0,-8.0,0.0,0.0,0.0,0.0,0.0,0.0,-0.02,0.0,0.0,-33.0,0.0,0.0,-33.0,0.0,0.0,-36.0,0.0,0.0,-36.0,0.0,0.0,-7.0,0.0,0.0,0.0,0.0,0.0,0.0,0.0,0.0,0.0,0.0,0.0,0.0,0.0,0.0,0.0,0.0,0.0,0.0,0.0,0.0,0.0,0.0,0.0,0.0,0.0,0.0,0.0,0.0,0.0,0.0,0.0,0.0,0.0,0.0,0.0,0.0,0.0,0.0,0.0,0.0,0.0,0.0,0.0,0.0,0.0,0.0,0.0,0.0,0.0,0.0,0.0,0.0,0.0,0.0,0.0,0.0,0.0,0.0,0.0,0.0,0.0,0.0,0.0,0.0,0.0,0.0,0.0,0.0,0.0,0.0,0.0,0.0,0.0,0.0,0.0,0.0,0.0,0.0,0.0,0.0,0.0,0.0,0.0,0.0,0.0,0.0,0.0,0.0,0.0,0.0,0.0,0.0,0.0,0.0,0.0,0.0,0.0,0.0,0.0,0.0,0.0,0.0,0.0,0.0,0.0,0.0,0.0,0.0,0.0,0.0,0.0,0.0,0.0,0.0,0.0,0.0,0.0,0.0,0.0,0.0,0.0,0.0,0.0,0.0,0.0,0.0,0.0,0.0,0.0,0.0,0.0,0.0,0.0,0.0,0.0,0.0,0.0,0.0,0.0,0.0,0.0,0.0,0.0,0.0,0.0,0.0,0.0,0.0,0.0,0.0,0.0,0.0,0.0,0.0,0.0,0.0,0.0,0.0,0.0,0.0,0.0,0.0,0.0,0.0,0.0,0.0,0.0,0.0,0.0,0.0,0.0,0.0,0.0,0.0,0.0,0.0,0.0,0.0,0.0,0.0,0.0,0.0,0.0,0.0,0.0,0.0,0.0,0.0,0.0,0.0,0.0,0.0,0.0,0.0,0.0,0.0,0.0
instance_qutebrowser__qutebrowser-1a9e74bfaf9a9db2a510dc14572d33ded6040a57-v2ef375ac784985212b1805e1d0431dc8f1b3c171,qutebrowser,4.0,0.0,0.0,0.0,0.0,0.0,3.0,0.0,0.0,1.0,0.0,0.0,0.0,0.0,0.0,0.0,0.0,0.0,0.0,0.0,0.0,0.0,0.0,0.0,0.0,0.0,0.0,0.0,0.0,0.0,0.0,0.0,0.0,0.0,0.0,0.0,0.0,0.0,0.0,0.0,0.0,0.0,0.0,0.0,0.0,0.0,0.0,0.0,0.0,0.0,0.0,0.0,0.0,0.0,0.0,0.0,0.0,0.0,0.0,0.0,0.0,0.0,0.0,0.0,0.0,0.0,0.0,0.0,0.0,0.0,0.0,0.0,0.0,0.0,0.0,0.0,0.0,0.0,0.0,0.0,0.0,0.0,0.0,0.0,0.0,0.0,0.0,0.0,0.0,0.0,0.0,0.0,0.0,0.0,0.0,0.0,20.0,0.0,0.0,3.0,0.0,0.0,14.0,0.0,0.0,8.0,0.0,0.0,9.0,0.0,0.0,3.0,0.0,0.0,0.0,0.0,0.0,0.0,0.0,3.0,0.0,0.0,1.0,0.0,0.0,0.0,8.0,0.0,0.0,3.0,0.0,0.0,8.0,0.0,0.0,0.0,0.0,0.14285714285714285,0.0,0.0,0.14285714285714285,0.0,0.0,0.14285714285714285,0.0,0.0,0.14285714285714285,0.0,0.0,0.0,0.0,0.0,0.0,0.0,0.0,0.0,0.0,0.0,0.0,0.0,0.0,0.0,0.0,0.0,0.0,0.0,0.0,0.0,0.0,0.0,0.0,0.0,0.0,0.0,0.0,0.0,0.0,-0.01,0.0,0.0,1.0,0.0,0.0,1.0,0.0,0.0,1.0,0.0,0.0,1.0,0.0,0.0,0.0,0.0,0.0,5.0,0.0,0.0,0.0,0.0,0.0,4.0,0.0,0.0,1.0,0.0,0.0,2.0,0.0,0.0,2.0,0.0,0.0,1.0,0.0,0.0,1.0,0.0,0.0,0.0,0.0,0.0,0.0,0.0,0.0,0.0,0.0,0.0,0.0,0.0,0.0,0.0,0.0,0.0,0.0,0.0,0.0,0.0,0.0,0.0,0.0,0.0,0.0,0.0,0.0,0.0,0.0,0.0,0.0,0.0,0.0,0.0,0.0,0.0,0.0,0.0,0.0,0.0,0.0,0.0,0.0,0.0,0.0,0.0,0.0,0.0,0.0,0.0,0.0,0.0,0.0,0.0,0.0,0.0,0.0,0.0,0.0,0.0,0.0,0.0,0.0,0.0,0.0,0.0,0.0,0.0,0.0,0.0,0.0,0.0,0.0,23.0,0.0,0.0,1.0,0.0,0.0,19.0,0.0,0.0,6.0,0.0,0.0,19.0,0.0,0.0,3.0,0.0,0.0,0.0,0.0,0.0,0.0,0.0,288.0,0.0,0.0,1.0,0.0,0.0,0.0,18.0,0.0,0.0,6.0,0.0,0.0,18.0,0.0,0.0,0.0,0.0,1.4,0.0,0.0,1.4,0.0,0.0,1.4,0.0,0.0,1.4,0.0,0.0,0.0,0.0,0.0,0.0,0.0,0.0,0.0,0.0,0.0,0.0,0.0,0.0,0.0,0.0,0.0,0.0,0.0,0.0,0.0,0.0,0.0,2.0,0.0,0.0,0.0,0.0,0.0,0.0,-0.03,0.0,0.0,7.0,0.0,0.0,7.0,0.0,0.0,7.0,0.0,0.0,7.0,0.0,0.0,0.0,0.0,0.0
instance_internetarchive__openlibrary-f0341c0ba81c790241b782f5103ce5c9a6edf8e3-ve8fc82d8aae8463b752a211156c5b7b59f349237,openlibrary,-0.3333333333333333,0.0,0.0,0.0,0.0,0.0,0.0,0.0,0.0,0.0,0.0,0.0,-0.3333333333333333,0.0,0.0,-0.3333333333333333,0.0,0.0,0.0,0.0,0.0,0.0,0.0,0.0,0.0,0.0,0.0,0.0,0.0,0.0,0.0,0.0,0.0,0.0,0.0,0.0,0.0,0.0,0.0,0.0,0.0,0.0,0.0,1.0,0.0,0.0,1.0,0.0,0.0,0.0,0.0,0.0,0.0,0.0,0.0,0.0,0.0,0.0,0.0,0.0,1.0,0.0,0.0,0.0,0.0,0.0,1.0,0.0,0.0,0.0,0.0,0.0,0.0,0.0,0.0,0.0,0.0,0.0,0.0,0.0,0.0,0.0,0.0,0.0,0.0,0.0,0.0,0.0,0.0,0.0,0.0,0.0,0.0,0.0,0.0,0.0,-4.0,0.0,0.0,3.0,0.0,0.0,-8.0,0.0,0.0,0.0,0.0,0.0,-9.0,0.0,0.0,0.0,0.0,0.0,0.0,0.0,0.0,0.0,0.0,-31.0,0.0,0.0,-1.0,0.0,0.0,0.0,-3.0,0.0,0.0,-2.0,0.0,0.0,-2.0,0.0,0.0,0.0,0.0,-0.01,0.0,0.0,-0.01,0.0,0.0,-0.04,0.0,0.0,-0.04,0.0,0.0,-0.01,0.0,0.0,0.0,0.0,0.0,0.0,0.0,0.0,0.0,0.0,0.0,0.0,0.0,0.0,0.0,0.0,0.0,0.0,0.0,0.0,0.0,0.0,0.0,0.0,0.0,0.0,0.0,0.0,0.0,0.0,-1.0,0.0,0.0,-1.0,0.0,0.0,-4.0,0.0,0.0,-4.0,0.0,0.0,-1.0,0.0,0.0,0.0,0.0,0.0,0.0,0.0,0.0,0.0,0.0,0.0,0.0,0.0,0.0,0.0,0.0,0.0,0.0,0.0,0.0,0.0,0.0,0.0,0.0,0.0,0.0,0.0,0.0,0.0,0.0,0.0,0.0,0.0,0.0,0.0,0.0,0.0,0.0,0.0,0.0,0.0,0.0,0.0,0.0,0.0,0.0,0.0,0.0,0.0,0.0,0.0,0.0,0.0,0.0,0.0,0.0,0.0,0.0,0.0,0.0,0.0,0.0,1.0,0.0,0.0,0.0,0.0,0.0,1.0,0.0,0.0,0.0,0.0,0.0,0.0,0.0,0.0,0.0,0.0,0.0,0.0,0.0,0.0,0.0,0.0,0.0,0.0,0.0,0.0,0.0,0.0,0.0,0.0,0.0,0.0,0.0,0.0,0.0,17.0,0.0,0.0,2.0,0.0,0.0,9.0,0.0,0.0,6.0,0.0,0.0,8.0,0.0,0.0,6.0,0.0,0.0,0.0,0.0,0.0,0.0,0.0,3.0,0.0,0.0,0.0,0.0,0.0,0.0,9.0,0.0,0.0,6.0,0.0,0.0,8.0,0.0,0.0,0.0,0.0,0.04225352112676056,0.0,0.0,0.04225352112676056,0.0,0.0,0.07042253521126761,0.0,0.0,0.07042253521126761,0.0,0.0,0.014084507042253521,0.0,0.0,0.0,0.0,0.0,0.0,0.0,0.0,0.0,0.0,0.0,0.0,0.0,0.0,0.0,0.0,0.0,0.0,0.0,0.0,2.0,0.0,0.0,0.0,0.0,0.0,0.0,0.005,0.0,0.0,3.0,0.0,0.0,3.0,0.0,0.0,5.0,0.0,0.0,5.0,0.0,0.0,1.0,0.0,0.0
